Tempo (s);Carga (g);Posicao (mm)
0,002;3,4;24,2
0,002;3,4;24,2
0,002;3,4;24,2
0,016;3,8;24,1
0,016;3,8;24,1
0,016;3,8;24,1
0,028;4,3;24,1
0,028;4,3;24,1
0,028;4,3;24,1
0,041;4,9;24
0,041;4,9;24
0,041;4,9;24
0,055;5,6;23,9
0,055;5,6;23,9
0,055;5,6;23,9
0,068;6,5;23,9
0,068;6,5;23,9
0,068;6,5;23,9
0,081;7,5;23,8
0,081;7,5;23,8
0,081;7,5;23,8
0,095;8,6;23,7
0,095;8,6;23,7
0,095;8,6;23,7
0,108;9,9;23,7
0,108;9,9;23,7
0,108;9,9;23,7
0,121;11,4;23,6
0,121;11,4;23,6
0,121;11,4;23,6
0,135;13,1;23,5
0,135;13,1;23,5
0,135;13,1;23,5
0,148;15;23,5
0,148;15;23,5
0,148;15;23,5
0,16;17;23,4
0,16;17;23,4
0,16;17;23,4
0,173;19,3;23,3
0,173;19,3;23,3
0,173;19,3;23,3
0,187;21,8;23,3
0,187;21,8;23,3
0,187;21,8;23,3
0,2;24,5;23,2
0,2;24,5;23,2
0,2;24,5;23,2
0,213;27,4;23,1
0,213;27,4;23,1
0,213;27,4;23,1
0,227;30,5;23,1
0,227;30,5;23,1
0,227;30,5;23,1
0,24;33,8;23
0,24;33,8;23
0,24;33,8;23
0,253;37,3;22,9
0,253;37,3;22,9
0,253;37,3;22,9
0,267;41;22,9
0,267;41;22,9
0,267;41;22,9
0,28;44,9;22,8
0,28;44,9;22,8
0,28;44,9;22,8
0,292;49;22,8
0,292;49;22,8
0,292;49;22,8
0,306;53,3;22,7
0,306;53,3;22,7
0,306;53,3;22,7
0,319;57,8;22,6
0,319;57,8;22,6
0,319;57,8;22,6
0,332;62,4;22,6
0,332;62,4;22,6
0,332;62,4;22,6
0,346;67,2;22,5
0,346;67,2;22,5
0,346;67,2;22,5
0,359;72,3;22,4
0,359;72,3;22,4
0,359;72,3;22,4
0,372;77,5;22,4
0,372;77,5;22,4
0,372;77,5;22,4
0,385;82,9;22,3
0,385;82,9;22,3
0,385;82,9;22,3
0,399;88,4;22,2
0,399;88,4;22,2
0,399;88,4;22,2
0,412;94,2;22,2
0,412;94,2;22,2
0,412;94,2;22,2
0,425;100,1;22,1
0,425;100,1;22,1
0,425;100,1;22,1
0,439;106,3;22
0,439;106,3;22
0,439;106,3;22
0,452;112,8;22
0,452;112,8;22
0,452;112,8;22
0,464;119,5;21,9
0,464;119,5;21,9
0,464;119,5;21,9
0,478;126,3;21,8
0,478;126,3;21,8
0,478;126,3;21,8
0,491;133,4;21,8
0,491;133,4;21,8
0,491;133,4;21,8
0,504;140,7;21,7
0,504;140,7;21,7
0,504;140,7;21,7
0,519;148,2;21,6
0,519;148,2;21,6
0,519;148,2;21,6
0,532;155,8;21,6
0,532;155,8;21,6
0,532;155,8;21,6
0,545;163,7;21,5
0,545;163,7;21,5
0,545;163,7;21,5
0,558;171,8;21,5
0,558;171,8;21,5
0,558;171,8;21,5
0,572;180,1;21,4
0,572;180,1;21,4
0,572;180,1;21,4
0,585;188,7;21,3
0,585;188,7;21,3
0,585;188,7;21,3
0,598;197,5;21,3
0,598;197,5;21,3
0,598;197,5;21,3
0,612;206,6;21,2
0,612;206,6;21,2
0,612;206,6;21,2
0,625;215,8;21,1
0,625;215,8;21,1
0,625;215,8;21,1
0,638;225,2;21,1
0,638;225,2;21,1
0,638;225,2;21,1
0,652;234,8;21
0,652;234,8;21
0,652;234,8;21
0,665;244,5;20,9
0,665;244,5;20,9
0,665;244,5;20,9
0,678;254,4;20,8
0,678;254,4;20,8
0,678;254,4;20,8
0,692;264,4;20,8
0,692;264,4;20,8
0,692;264,4;20,8
0,705;274,5;20,7
0,705;274,5;20,7
0,705;274,5;20,7
0,718;284,8;20,7
0,718;284,8;20,7
0,718;284,8;20,7
0,732;295,1;20,6
0,732;295,1;20,6
0,732;295,1;20,6
0,745;305,5;20,5
0,745;305,5;20,5
0,745;305,5;20,5
0,758;316;20,5
0,758;316;20,5
0,758;316;20,5
0,771;326,5;20,4
0,771;326,5;20,4
0,771;326,5;20,4
0,785;337,2;20,3
0,785;337,2;20,3
0,785;337,2;20,3
0,798;347,9;20,3
0,798;347,9;20,3
0,798;347,9;20,3
0,812;358,6;20,2
0,812;358,6;20,2
0,812;358,6;20,2
0,826;369,4;20,1
0,826;369,4;20,1
0,826;369,4;20,1
0,839;380,2;20,1
0,839;380,2;20,1
0,839;380,2;20,1
0,851;391,1;20
0,851;391,1;20
0,851;391,1;20
0,865;402;19,9
0,865;402;19,9
0,865;402;19,9
0,878;413;19,9
0,878;413;19,9
0,878;413;19,9
0,891;423,9;19,8
0,891;423,9;19,8
0,891;423,9;19,8
0,905;434,8;19,7
0,905;434,8;19,7
0,905;434,8;19,7
0,918;445,8;19,7
0,918;445,8;19,7
0,918;445,8;19,7
0,931;456,7;19,6
0,931;456,7;19,6
0,931;456,7;19,6
0,945;467,7;19,5
0,945;467,7;19,5
0,945;467,7;19,5
0,959;478,6;19,5
0,959;478,6;19,5
0,959;478,6;19,5
0,972;489,6;19,4
0,972;489,6;19,4
0,972;489,6;19,4
0,986;500,5;19,3
0,986;500,5;19,3
0,986;500,5;19,3
0,999;511,4;19,3
0,999;511,4;19,3
0,999;511,4;19,3
1,012;522,3;19,2
1,012;522,3;19,2
1,012;522,3;19,2
1,025;533,2;19,1
1,025;533,2;19,1
1,025;533,2;19,1
1,039;544;19,1
1,039;544;19,1
1,039;544;19,1
1,052;554,7;19
1,052;554,7;19
1,052;554,7;19
1,065;565,4;18,9
1,065;565,4;18,9
1,065;565,4;18,9
1,079;575,9;18,9
1,079;575,9;18,9
1,079;575,9;18,9
1,092;586,3;18,8
1,092;586,3;18,8
1,092;586,3;18,8
1,105;596,6;18,7
1,105;596,6;18,7
1,105;596,6;18,7
1,119;606,9;18,7
1,119;606,9;18,7
1,119;606,9;18,7
1,132;617,1;18,6
1,132;617,1;18,6
1,132;617,1;18,6
1,145;627,2;18,5
1,145;627,2;18,5
1,145;627,2;18,5
1,159;637,1;18,5
1,159;637,1;18,5
1,159;637,1;18,5
1,172;647,1;18,4
1,172;647,1;18,4
1,172;647,1;18,4
1,185;656,9;18,3
1,185;656,9;18,3
1,185;656,9;18,3
1,198;666,6;18,3
1,198;666,6;18,3
1,198;666,6;18,3
1,212;676,2;18,2
1,212;676,2;18,2
1,212;676,2;18,2
1,225;685,6;18,1
1,225;685,6;18,1
1,225;685,6;18,1
1,238;695;18,1
1,238;695;18,1
1,238;695;18,1
1,253;704,3;18
1,253;704,3;18
1,253;704,3;18
1,266;713,6;17,9
1,266;713,6;17,9
1,266;713,6;17,9
1,279;722,8;17,9
1,279;722,8;17,9
1,279;722,8;17,9
1,293;731,9;17,8
1,293;731,9;17,8
1,293;731,9;17,8
1,306;741,1;17,7
1,306;741,1;17,7
1,306;741,1;17,7
1,319;750,2;17,7
1,319;750,2;17,7
1,319;750,2;17,7
1,333;759,4;17,6
1,333;759,4;17,6
1,333;759,4;17,6
1,346;768,6;17,6
1,346;768,6;17,6
1,346;768,6;17,6
1,359;777,8;17,5
1,359;777,8;17,5
1,359;777,8;17,5
1,373;787;17,4
1,373;787;17,4
1,373;787;17,4
1,385;796,3;17,4
1,385;796,3;17,4
1,385;796,3;17,4
1,399;805,6;17,3
1,399;805,6;17,3
1,399;805,6;17,3
1,413;815;17,2
1,413;815;17,2
1,413;815;17,2
1,426;824,3;17,2
1,426;824,3;17,2
1,426;824,3;17,2
1,439;833,8;17,1
1,439;833,8;17,1
1,439;833,8;17,1
1,452;843,4;17
1,452;843,4;17
1,452;843,4;17
1,466;853;17
1,466;853;17
1,466;853;17
1,479;862,7;16,9
1,479;862,7;16,9
1,479;862,7;16,9
1,492;872,3;16,8
1,492;872,3;16,8
1,492;872,3;16,8
1,506;882,1;16,8
1,506;882,1;16,8
1,506;882,1;16,8
1,519;891,8;16,7
1,519;891,8;16,7
1,519;891,8;16,7
1,532;901,6;16,6
1,532;901,6;16,6
1,532;901,6;16,6
1,547;911,4;16,6
1,547;911,4;16,6
1,547;911,4;16,6
1,56;921,2;16,5
1,56;921,2;16,5
1,56;921,2;16,5
1,573;931;16,4
1,573;931;16,4
1,573;931;16,4
1,587;940,8;16,4
1,587;940,8;16,4
1,587;940,8;16,4
1,6;950,7;16,3
1,6;950,7;16,3
1,6;950,7;16,3
1,613;960,6;16,2
1,613;960,6;16,2
1,613;960,6;16,2
1,627;970,4;16,2
1,627;970,4;16,2
1,627;970,4;16,2
1,64;980,3;16,1
1,64;980,3;16,1
1,64;980,3;16,1
1,653;990,2;16
1,653;990,2;16
1,653;990,2;16
1,666;1000,1;16
1,666;1000,1;16
1,666;1000,1;16
1,68;1009,9;15,9
1,68;1009,9;15,9
1,68;1009,9;15,9
1,693;1019,8;15,8
1,693;1019,8;15,8
1,693;1019,8;15,8
1,706;1029,7;15,8
1,706;1029,7;15,8
1,706;1029,7;15,8
1,72;1039,7;15,7
1,72;1039,7;15,7
1,72;1039,7;15,7
1,733;1049,8;15,6
1,733;1049,8;15,6
1,733;1049,8;15,6
1,746;1059,9;15,6
1,746;1059,9;15,6
1,746;1059,9;15,6
1,76;1070,1;15,5
1,76;1070,1;15,5
1,76;1070,1;15,5
1,773;1080,4;15,4
1,773;1080,4;15,4
1,773;1080,4;15,4
1,786;1090,8;15,4
1,786;1090,8;15,4
1,786;1090,8;15,4
1,8;1101,3;15,3
1,8;1101,3;15,3
1,8;1101,3;15,3
1,813;1111,9;15,2
1,813;1111,9;15,2
1,813;1111,9;15,2
1,826;1122,5;15,2
1,826;1122,5;15,2
1,826;1122,5;15,2
1,841;1133,3;15,1
1,841;1133,3;15,1
1,841;1133,3;15,1
1,854;1144,2;15
1,854;1144,2;15
1,854;1144,2;15
1,867;1155,1;15
1,867;1155,1;15
1,867;1155,1;15
1,88;1166,3;14,9
1,88;1166,3;14,9
1,88;1166,3;14,9
1,894;1177,5;14,8
1,894;1177,5;14,8
1,894;1177,5;14,8
1,907;1188,9;14,8
1,907;1188,9;14,8
1,907;1188,9;14,8
1,92;1200,3;14,7
1,92;1200,3;14,7
1,92;1200,3;14,7
1,936;1211,9;14,6
1,936;1211,9;14,6
1,936;1211,9;14,6
1,949;1223,6;14,7
1,949;1223,6;14,7
1,949;1223,6;14,7
1,962;1234,7;14,8
1,962;1234,7;14,8
1,962;1234,7;14,8
1,976;1244,7;14,8
1,976;1244,7;14,8
1,976;1244,7;14,8
1,989;1253;14,9
1,989;1253;14,9
1,989;1253;14,9
2,002;1258,7;15
2,002;1258,7;15
2,002;1258,7;15
2,016;1261,6;15
2,016;1261,6;15
2,016;1261,6;15
2,029;1261;15,1
2,029;1261;15,1
2,029;1261;15,1
2,042;1256,7;15,2
2,042;1256,7;15,2
2,042;1256,7;15,2
2,056;1248;15,2
2,056;1248;15,2
2,056;1248;15,2
2,069;1235,2;15,3
2,069;1235,2;15,3
2,069;1235,2;15,3
2,082;1218,5;15,4
2,082;1218,5;15,4
2,082;1218,5;15,4
2,096;1198,3;15,4
2,096;1198,3;15,4
2,096;1198,3;15,4
2,109;1174,8;15,5
2,109;1174,8;15,5
2,109;1174,8;15,5
2,123;1148,2;15,6
2,123;1148,2;15,6
2,123;1148,2;15,6
2,136;1118,5;15,6
2,136;1118,5;15,6
2,136;1118,5;15,6
2,15;1085,9;15,7
2,15;1085,9;15,7
2,15;1085,9;15,7
2,163;1050,4;15,8
2,163;1050,4;15,8
2,163;1050,4;15,8
2,176;1013,1;15,8
2,176;1013,1;15,8
2,176;1013,1;15,8
2,19;974,2;15,9
2,19;974,2;15,9
2,19;974,2;15,9
2,203;934,7;16
2,203;934,7;16
2,203;934,7;16
2,216;895,2;16
2,216;895,2;16
2,216;895,2;16
2,23;856,3;16,1
2,23;856,3;16,1
2,23;856,3;16,1
2,243;818,6;16,2
2,243;818,6;16,2
2,243;818,6;16,2
2,256;782,6;16,2
2,256;782,6;16,2
2,256;782,6;16,2
2,27;748,7;16,3
2,27;748,7;16,3
2,27;748,7;16,3
2,284;716,9;16,4
2,284;716,9;16,4
2,284;716,9;16,4
2,297;686,9;16,4
2,297;686,9;16,4
2,297;686,9;16,4
2,311;658,6;16,5
2,311;658,6;16,5
2,311;658,6;16,5
2,324;631,6;16,6
2,324;631,6;16,6
2,324;631,6;16,6
2,337;606;16,6
2,337;606;16,6
2,337;606;16,6
2,35;581,6;16,7
2,35;581,6;16,7
2,35;581,6;16,7
2,364;558,4;16,8
2,364;558,4;16,8
2,364;558,4;16,8
2,377;536,4;16,8
2,377;536,4;16,8
2,377;536,4;16,8
2,39;515,2;16,9
2,39;515,2;16,9
2,39;515,2;16,9
2,404;494,9;17
2,404;494,9;17
2,404;494,9;17
2,417;475,6;17
2,417;475,6;17
2,417;475,6;17
2,431;457,2;17,1
2,431;457,2;17,1
2,431;457,2;17,1
2,445;439,6;17,1
2,445;439,6;17,1
2,445;439,6;17,1
2,458;422,7;17,2
2,458;422,7;17,2
2,458;422,7;17,2
2,471;406,5;17,3
2,471;406,5;17,3
2,471;406,5;17,3
2,484;390,9;17,3
2,484;390,9;17,3
2,484;390,9;17,3
2,497;376;17,4
2,497;376;17,4
2,497;376;17,4
2,51;361,6;17,5
2,51;361,6;17,5
2,51;361,6;17,5
2,524;347,8;17,5
2,524;347,8;17,5
2,524;347,8;17,5
2,537;334,4;17,6
2,537;334,4;17,6
2,537;334,4;17,6
2,55;321,5;17,7
2,55;321,5;17,7
2,55;321,5;17,7
2,563;309,1;17,7
2,563;309,1;17,7
2,563;309,1;17,7
2,578;297,2;17,8
2,578;297,2;17,8
2,578;297,2;17,8
2,591;285,6;17,9
2,591;285,6;17,9
2,591;285,6;17,9
2,604;274,4;17,9
2,604;274,4;17,9
2,604;274,4;17,9
2,618;263,8;18
2,618;263,8;18
2,618;263,8;18
2,631;253,4;18,1
2,631;253,4;18,1
2,631;253,4;18,1
2,644;243,4;18,1
2,644;243,4;18,1
2,644;243,4;18,1
2,658;233,7;18,2
2,658;233,7;18,2
2,658;233,7;18,2
2,671;224,4;18,3
2,671;224,4;18,3
2,671;224,4;18,3
2,684;215,4;18,3
2,684;215,4;18,3
2,684;215,4;18,3
2,698;206,7;18,4
2,698;206,7;18,4
2,698;206,7;18,4
2,711;198,4;18,4
2,711;198,4;18,4
2,711;198,4;18,4
2,725;190,3;18,5
2,725;190,3;18,5
2,725;190,3;18,5
2,739;182,6;18,6
2,739;182,6;18,6
2,739;182,6;18,6
2,752;175,2;18,6
2,752;175,2;18,6
2,752;175,2;18,6
2,765;168;18,7
2,765;168;18,7
2,765;168;18,7
2,779;161,1;18,8
2,779;161,1;18,8
2,779;161,1;18,8
2,792;154,4;18,8
2,792;154,4;18,8
2,792;154,4;18,8
2,805;147,9;18,9
2,805;147,9;18,9
2,805;147,9;18,9
2,818;141,6;19
2,818;141,6;19
2,818;141,6;19
2,832;135,6;19
2,832;135,6;19
2,832;135,6;19
2,845;129,7;19,1
2,845;129,7;19,1
2,845;129,7;19,1
2,858;124;19,2
2,858;124;19,2
2,858;124;19,2
2,872;118,5;19,2
2,872;118,5;19,2
2,872;118,5;19,2
2,885;113,2;19,3
2,885;113,2;19,3
2,885;113,2;19,3
2,898;108;19,4
2,898;108;19,4
2,898;108;19,4
2,912;103;19,4
2,912;103;19,4
2,912;103;19,4
2,925;98,2;19,5
2,925;98,2;19,5
2,925;98,2;19,5
2,938;93,5;19,6
2,938;93,5;19,6
2,938;93,5;19,6
2,952;89;19,6
2,952;89;19,6
2,952;89;19,6
2,965;84,6;19,7
2,965;84,6;19,7
2,965;84,6;19,7
2,978;80,3;19,8
2,978;80,3;19,8
2,978;80,3;19,8
2,992;76,2;19,8
2,992;76,2;19,8
2,992;76,2;19,8
3,005;72,1;19,9
3,005;72,1;19,9
3,005;72,1;19,9
3,018;68,2;20
3,018;68,2;20
3,018;68,2;20
3,031;64,4;20
3,031;64,4;20
3,031;64,4;20
3,045;60,7;20,1
3,045;60,7;20,1
3,045;60,7;20,1
3,058;57,1;20,2
3,058;57,1;20,2
3,058;57,1;20,2
3,071;53,7;20,2
3,071;53,7;20,2
3,071;53,7;20,2
3,085;50,3;20,3
3,085;50,3;20,3
3,085;50,3;20,3
3,097;47,1;20,4
3,097;47,1;20,4
3,097;47,1;20,4
3,11;44,1;20,4
3,11;44,1;20,4
3,11;44,1;20,4
3,124;41,1;20,5
3,124;41,1;20,5
3,124;41,1;20,5
3,137;38,3;20,6
3,137;38,3;20,6
3,137;38,3;20,6
3,15;35,6;20,6
3,15;35,6;20,6
3,15;35,6;20,6
3,164;33,1;20,7
3,164;33,1;20,7
3,164;33,1;20,7
3,177;30,6;20,8
3,177;30,6;20,8
3,177;30,6;20,8
3,19;28,3;20,8
3,19;28,3;20,8
3,19;28,3;20,8
3,203;26,1;20,9
3,203;26,1;20,9
3,203;26,1;20,9
3,217;24;21
3,217;24;21
3,217;24;21
3,23;22;21
3,23;22;21
3,23;22;21
3,242;20,1;21,1
3,242;20,1;21,1
3,242;20,1;21,1
3,256;18,3;21,2
3,256;18,3;21,2
3,256;18,3;21,2
3,269;16,6;21,2
3,269;16,6;21,2
3,269;16,6;21,2
3,282;15;21,3
3,282;15;21,3
3,282;15;21,3
3,296;13,5;21,3
3,296;13,5;21,3
3,296;13,5;21,3
3,309;12,1;21,4
3,309;12,1;21,4
3,309;12,1;21,4
3,322;10,8;21,5
3,322;10,8;21,5
3,322;10,8;21,5
3,336;9,5;21,5
3,336;9,5;21,5
3,336;9,5;21,5
3,349;8,4;21,6
3,349;8,4;21,6
3,349;8,4;21,6
3,362;7,3;21,7
3,362;7,3;21,7
3,362;7,3;21,7
3,376;6,3;21,7
3,376;6,3;21,7
3,376;6,3;21,7
3,388;5,4;21,8
3,388;5,4;21,8
3,388;5,4;21,8
3,401;4,6;21,9
3,401;4,6;21,9
3,401;4,6;21,9
3,414;3,9;21,9
3,414;3,9;21,9
3,414;3,9;21,9
3,428;3,2;22
3,428;3,2;22
3,428;3,2;22
3,441;2,6;22,1
3,441;2,6;22,1
3,441;2,6;22,1
3,454;2,1;22,1
3,454;2,1;22,1
3,454;2,1;22,1
3,468;1,7;22,2
3,468;1,7;22,2
3,468;1,7;22,2
3,481;1,3;22,3
3,481;1,3;22,3
3,481;1,3;22,3
3,494;0,9;22,3
3,494;0,9;22,3
3,494;0,9;22,3
3,508;0,6;22,4
3,508;0,6;22,4
3,508;0,6;22,4
3,521;0,4;22,5
3,521;0,4;22,5
3,521;0,4;22,5
3,533;0,2;22,5
3,533;0,2;22,5
3,533;0,2;22,5
3,547;0;22,6
3,547;0;22,6
3,547;0;22,6
3,56;-0,2;22,7
3,56;-0,2;22,7
3,56;-0,2;22,7
3,573;-0,3;22,7
3,573;-0,3;22,7
3,573;-0,3;22,7
3,586;-0,4;22,8
3,586;-0,4;22,8
3,586;-0,4;22,8
3,6;-0,5;22,9
3,6;-0,5;22,9
3,6;-0,5;22,9
3,613;-0,6;22,9
3,613;-0,6;22,9
3,613;-0,6;22,9
3,626;-0,6;23
3,626;-0,6;23
3,626;-0,6;23
3,64;-0,7;23
3,64;-0,7;23
3,64;-0,7;23
3,653;-0,7;23,1
3,653;-0,7;23,1
3,653;-0,7;23,1
3,666;-0,7;23,2
3,666;-0,7;23,2
3,666;-0,7;23,2
3,679;-0,7;23,2
3,679;-0,7;23,2
3,679;-0,7;23,2
3,692;-0,8;23,3
3,692;-0,8;23,3
3,692;-0,8;23,3
3,705;-0,7;23,4
3,705;-0,7;23,4
3,705;-0,7;23,4
3,719;-0,7;23,4
3,719;-0,7;23,4
3,719;-0,7;23,4
3,732;-0,7;23,5
3,732;-0,7;23,5
3,732;-0,7;23,5
3,745;-0,7;23,6
3,745;-0,7;23,6
3,745;-0,7;23,6
3,758;-0,7;23,6
3,758;-0,7;23,6
3,758;-0,7;23,6
3,772;-0,7;23,7
3,772;-0,7;23,7
3,772;-0,7;23,7
3,785;-0,6;23,8
3,785;-0,6;23,8
3,785;-0,6;23,8
3,798;-0,6;23,8
3,798;-0,6;23,8
3,798;-0,6;23,8
3,812;-0,6;23,9
3,812;-0,6;23,9
3,812;-0,6;23,9
3,825;-0,5;24
3,825;-0,5;24
3,825;-0,5;24
3,837;-0,5;24
3,837;-0,5;24
3,837;-0,5;24
3,851;-0,4;24,1
3,851;-0,4;24,1
3,851;-0,4;24,1
3,864;-0,4;24,1
3,864;-0,4;24,1
3,864;-0,4;24,1
3,877;-0,4;24,2
3,877;-0,4;24,2
3,877;-0,4;24,2
3,891;-0,3;24,3
3,891;-0,3;24,3
3,891;-0,3;24,3
3,904;-0,3;24,4
3,904;-0,3;24,4
3,904;-0,3;24,4
3,917;-0,3;24,4
3,917;-0,3;24,4
3,917;-0,3;24,4
3,931;-0,3;24,5
3,931;-0,3;24,5
3,931;-0,3;24,5
3,945;-0,2;24,5
3,945;-0,2;24,5
3,945;-0,2;24,5
3,958;-0,2;24,5
3,958;-0,2;24,5
3,958;-0,2;24,5
3,97;-0,2;24,5
3,97;-0,2;24,5
3,97;-0,2;24,5
3,984;-0,2;24,5
3,984;-0,2;24,5
3,984;-0,2;24,5
3,996;-0,2;24,6
3,996;-0,2;24,6
3,996;-0,2;24,6
4,009;-0,2;24,6
4,009;-0,2;24,6
4,009;-0,2;24,6
4,022;-0,2;24,6
4,022;-0,2;24,6
4,022;-0,2;24,6
4,035;-0,2;24,6
4,035;-0,2;24,6
4,035;-0,2;24,6
4,047;-0,1;24,6
4,047;-0,1;24,6
4,047;-0,1;24,6
4,061;-0,2;24,6
4,061;-0,2;24,6
4,061;-0,2;24,6
4,073;-0,2;24,6
4,073;-0,2;24,6
4,073;-0,2;24,6
4,086;-0,2;24,6
4,086;-0,2;24,6
4,086;-0,2;24,6
4,098;-0,2;24,6
4,098;-0,2;24,6
4,098;-0,2;24,6
4,111;-0,2;24,6
4,111;-0,2;24,6
4,111;-0,2;24,6
4,124;-0,2;24,6
4,124;-0,2;24,6
4,124;-0,2;24,6
4,136;-0,2;24,6
4,136;-0,2;24,6
4,136;-0,2;24,6
4,15;-0,2;24,6
4,15;-0,2;24,6
4,15;-0,2;24,6
4,162;-0,2;24,6
4,162;-0,2;24,6
4,162;-0,2;24,6
4,175;-0,2;24,6
4,175;-0,2;24,6
4,175;-0,2;24,6
4,189;-0,2;24,6
4,189;-0,2;24,6
4,189;-0,2;24,6
4,201;-0,2;24,6
4,201;-0,2;24,6
4,201;-0,2;24,6
4,213;-0,2;24,6
4,213;-0,2;24,6
4,213;-0,2;24,6
4,226;-0,2;24,6
4,226;-0,2;24,6
4,226;-0,2;24,6
4,239;-0,2;24,6
4,239;-0,2;24,6
4,239;-0,2;24,6
4,252;-0,2;24,6
4,252;-0,2;24,6
4,252;-0,2;24,6
4,264;-0,2;24,6
4,264;-0,2;24,6
4,264;-0,2;24,6
4,277;-0,2;24,6
4,277;-0,2;24,6
4,277;-0,2;24,6
4,29;-0,2;24,6
4,29;-0,2;24,6
4,29;-0,2;24,6
4,302;-0,2;24,6
4,302;-0,2;24,6
4,302;-0,2;24,6
4,316;-0,2;24,6
4,316;-0,2;24,6
4,316;-0,2;24,6
4,329;-0,2;24,6
4,329;-0,2;24,6
4,329;-0,2;24,6
4,341;-0,2;24,6
4,341;-0,2;24,6
4,341;-0,2;24,6
4,353;-0,2;24,6
4,353;-0,2;24,6
4,353;-0,2;24,6
4,367;-0,2;24,6
4,367;-0,2;24,6
4,367;-0,2;24,6
4,379;-0,2;24,6
4,379;-0,2;24,6
4,379;-0,2;24,6
4,392;-0,2;24,6
4,392;-0,2;24,6
4,392;-0,2;24,6
4,405;-0,2;24,6
4,405;-0,2;24,6
4,405;-0,2;24,6
4,417;-0,2;24,6
4,417;-0,2;24,6
4,417;-0,2;24,6
4,43;-0,2;24,6
4,43;-0,2;24,6
4,43;-0,2;24,6
4,443;-0,2;24,6
4,443;-0,2;24,6
4,443;-0,2;24,6
4,456;-0,2;24,6
4,456;-0,2;24,6
4,456;-0,2;24,6
4,469;-0,2;24,6
4,469;-0,2;24,6
4,469;-0,2;24,6
4,481;-0,2;24,6
4,481;-0,2;24,6
4,481;-0,2;24,6
4,494;-0,2;24,6
4,494;-0,2;24,6
4,494;-0,2;24,6
4,507;-0,2;24,6
4,507;-0,2;24,6
4,507;-0,2;24,6
4,519;-0,2;24,6
4,519;-0,2;24,6
4,519;-0,2;24,6
4,533;-0,2;24,6
4,533;-0,2;24,6
4,533;-0,2;24,6
4,545;-0,2;24,6
4,545;-0,2;24,6
4,545;-0,2;24,6
4,557;-0,2;24,6
4,557;-0,2;24,6
4,557;-0,2;24,6
4,571;-0,2;24,6
4,571;-0,2;24,6
4,571;-0,2;24,6
4,583;-0,2;24,6
4,583;-0,2;24,6
4,583;-0,2;24,6
4,596;-0,2;24,6
4,596;-0,2;24,6
4,596;-0,2;24,6
4,609;-0,2;24,6
4,609;-0,2;24,6
4,609;-0,2;24,6
4,622;-0,2;24,6
4,622;-0,2;24,6
4,622;-0,2;24,6
4,634;-0,2;24,6
4,634;-0,2;24,6
4,634;-0,2;24,6
4,647;-0,2;24,6
4,647;-0,2;24,6
4,647;-0,2;24,6
4,66;-0,2;24,6
4,66;-0,2;24,6
4,66;-0,2;24,6
4,673;-0,1;24,6
4,673;-0,1;24,6
4,673;-0,1;24,6
4,685;-0,1;24,6
4,685;-0,1;24,6
4,685;-0,1;24,6
4,698;-0,1;24,6
4,698;-0,1;24,6
4,698;-0,1;24,6
4,711;-0,1;24,6
4,711;-0,1;24,6
4,711;-0,1;24,6
4,723;-0,1;24,6
4,723;-0,1;24,6
4,723;-0,1;24,6
4,736;-0,1;24,6
4,736;-0,1;24,6
4,736;-0,1;24,6
4,75;-0,1;24,6
4,75;-0,1;24,6
4,75;-0,1;24,6
4,762;-0,1;24,6
4,762;-0,1;24,6
4,762;-0,1;24,6
4,774;-0,1;24,6
4,774;-0,1;24,6
4,774;-0,1;24,6
4,788;-0,2;24,6
4,788;-0,2;24,6
4,788;-0,2;24,6
4,8;-0,2;24,6
4,8;-0,2;24,6
4,8;-0,2;24,6
4,813;-0,2;24,6
4,813;-0,2;24,6
4,813;-0,2;24,6
4,826;-0,2;24,6
4,826;-0,2;24,6
4,826;-0,2;24,6
4,838;-0,2;24,6
4,838;-0,2;24,6
4,838;-0,2;24,6
4,851;-0,2;24,6
4,851;-0,2;24,6
4,851;-0,2;24,6
4,863;-0,2;24,6
4,863;-0,2;24,6
4,863;-0,2;24,6
4,877;-0,2;24,6
4,877;-0,2;24,6
4,877;-0,2;24,6
4,89;-0,2;24,6
4,89;-0,2;24,6
4,89;-0,2;24,6
4,902;-0,2;24,6
4,902;-0,2;24,6
4,902;-0,2;24,6
4,916;-0,2;24,6
4,916;-0,2;24,6
4,916;-0,2;24,6
4,928;-0,2;24,6
4,928;-0,2;24,6
4,928;-0,2;24,6
4,94;-0,2;24,6
4,94;-0,2;24,6
4,94;-0,2;24,6
4,954;-0,2;24,6
4,954;-0,2;24,6
4,954;-0,2;24,6
4,966;-0,2;24,6
4,966;-0,2;24,6
4,966;-0,2;24,6
4,979;-0,2;24,6
4,979;-0,2;24,6
4,979;-0,2;24,6
4,991;-0,2;24,6
4,991;-0,2;24,6
4,991;-0,2;24,6
5,004;-0,2;24,6
5,004;-0,2;24,6
5,004;-0,2;24,6
5,017;-0,1;24,6
5,017;-0,1;24,6
5,017;-0,1;24,6
5,03;-0,1;24,6
5,03;-0,1;24,6
5,03;-0,1;24,6
5,043;-0,1;24,6
5,043;-0,1;24,6
5,043;-0,1;24,6
5,056;-0,1;24,6
5,056;-0,1;24,6
5,056;-0,1;24,6
5,068;-0,1;24,6
5,068;-0,1;24,6
5,068;-0,1;24,6
5,08;-0,1;24,6
5,08;-0,1;24,6
5,08;-0,1;24,6
5,094;-0,1;24,6
5,094;-0,1;24,6
5,094;-0,1;24,6
5,106;-0,1;24,6
5,106;-0,1;24,6
5,106;-0,1;24,6
5,119;-0,1;24,6
5,119;-0,1;24,6
5,119;-0,1;24,6
5,132;-0,1;24,6
5,132;-0,1;24,6
5,132;-0,1;24,6
5,144;-0,1;24,6
5,144;-0,1;24,6
5,144;-0,1;24,6
5,157;-0,1;24,6
5,157;-0,1;24,6
5,157;-0,1;24,6
5,171;-0,1;24,6
5,171;-0,1;24,6
5,171;-0,1;24,6
5,183;-0,1;24,6
5,183;-0,1;24,6
5,183;-0,1;24,6
5,196;-0,1;24,6
5,196;-0,1;24,6
5,196;-0,1;24,6
5,208;-0,1;24,6
5,208;-0,1;24,6
5,208;-0,1;24,6
5,221;-0,1;24,6
5,221;-0,1;24,6
5,221;-0,1;24,6
5,234;-0,1;24,6
5,234;-0,1;24,6
5,234;-0,1;24,6
5,246;-0,1;24,6
5,246;-0,1;24,6
5,246;-0,1;24,6
5,26;-0,1;24,6
5,26;-0,1;24,6
5,26;-0,1;24,6
5,272;-0,1;24,6
5,272;-0,1;24,6
5,272;-0,1;24,6
5,284;-0,1;24,6
5,284;-0,1;24,6
5,284;-0,1;24,6
5,298;-0,1;24,6
5,298;-0,1;24,6
5,298;-0,1;24,6
5,311;-0,1;24,6
5,311;-0,1;24,6
5,311;-0,1;24,6
5,323;-0,1;24,6
5,323;-0,1;24,6
5,323;-0,1;24,6
5,335;-0,2;24,6
5,335;-0,2;24,6
5,335;-0,2;24,6
5,349;-0,2;24,6
5,349;-0,2;24,6
5,349;-0,2;24,6
5,361;-0,2;24,6
5,361;-0,2;24,6
5,361;-0,2;24,6
5,374;-0,2;24,6
5,374;-0,2;24,6
5,374;-0,2;24,6
5,387;-0,2;24,6
5,387;-0,2;24,6
5,387;-0,2;24,6
5,4;-0,2;24,6
5,4;-0,2;24,6
5,4;-0,2;24,6
5,412;-0,2;24,6
5,412;-0,2;24,6
5,412;-0,2;24,6
5,425;-0,2;24,6
5,425;-0,2;24,6
5,425;-0,2;24,6
5,438;-0,2;24,6
5,438;-0,2;24,6
5,438;-0,2;24,6
5,451;-0,2;24,6
5,451;-0,2;24,6
5,451;-0,2;24,6
5,463;-0,2;24,6
5,463;-0,2;24,6
5,463;-0,2;24,6
5,476;-0,2;24,6
5,476;-0,2;24,6
5,476;-0,2;24,6
5,489;-0,2;24,6
5,489;-0,2;24,6
5,489;-0,2;24,6
5,501;-0,2;24,6
5,501;-0,2;24,6
5,501;-0,2;24,6
5,515;-0,2;24,6
5,515;-0,2;24,6
5,515;-0,2;24,6
5,527;-0,2;24,6
5,527;-0,2;24,6
5,527;-0,2;24,6
5,539;-0,2;24,6
5,539;-0,2;24,6
5,539;-0,2;24,6
5,553;-0,2;24,6
5,553;-0,2;24,6
5,553;-0,2;24,6
5,565;-0,2;24,6
5,565;-0,2;24,6
5,565;-0,2;24,6
5,578;-0,2;24,6
5,578;-0,2;24,6
5,578;-0,2;24,6
5,591;-0,2;24,6
5,591;-0,2;24,6
5,591;-0,2;24,6
5,604;-0,2;24,6
5,604;-0,2;24,6
5,604;-0,2;24,6
5,616;-0,2;24,6
5,616;-0,2;24,6
5,616;-0,2;24,6
5,629;-0,2;24,6
5,629;-0,2;24,6
5,629;-0,2;24,6
5,642;-0,2;24,6
5,642;-0,2;24,6
5,642;-0,2;24,6
5,655;-0,2;24,6
5,655;-0,2;24,6
5,655;-0,2;24,6
5,667;-0,2;24,6
5,667;-0,2;24,6
5,667;-0,2;24,6
5,68;-0,2;24,6
5,68;-0,2;24,6
5,68;-0,2;24,6
5,693;-0,2;24,6
5,693;-0,2;24,6
5,693;-0,2;24,6
5,705;-0,2;24,6
5,705;-0,2;24,6
5,705;-0,2;24,6
5,718;-0,2;24,6
5,718;-0,2;24,6
5,718;-0,2;24,6
5,732;-0,2;24,6
5,732;-0,2;24,6
5,732;-0,2;24,6
5,744;-0,2;24,6
5,744;-0,2;24,6
5,744;-0,2;24,6
5,756;-0,2;24,6
5,756;-0,2;24,6
5,756;-0,2;24,6
5,77;-0,2;24,6
5,77;-0,2;24,6
5,77;-0,2;24,6
5,782;-0,2;24,6
5,782;-0,2;24,6
5,782;-0,2;24,6
5,795;-0,2;24,6
5,795;-0,2;24,6
5,795;-0,2;24,6
5,808;-0,2;24,6
5,808;-0,2;24,6
5,808;-0,2;24,6
5,821;-0,2;24,6
5,821;-0,2;24,6
5,821;-0,2;24,6
5,833;-0,2;24,6
5,833;-0,2;24,6
5,833;-0,2;24,6
5,845;-0,2;24,6
5,845;-0,2;24,6
5,845;-0,2;24,6
5,859;-0,2;24,6
5,859;-0,2;24,6
5,859;-0,2;24,6
5,872;-0,2;24,6
5,872;-0,2;24,6
5,872;-0,2;24,6
5,884;-0,2;24,6
5,884;-0,2;24,6
5,884;-0,2;24,6
5,897;-0,2;24,6
5,897;-0,2;24,6
5,897;-0,2;24,6
5,91;-0,2;24,6
5,91;-0,2;24,6
5,91;-0,2;24,6
5,922;-0,2;24,6
5,922;-0,2;24,6
5,922;-0,2;24,6
5,936;-0,2;24,6
5,936;-0,2;24,6
5,936;-0,2;24,6
5,948;-0,2;24,6
5,948;-0,2;24,6
5,948;-0,2;24,6
5,961;-0,2;24,6
5,961;-0,2;24,6
5,961;-0,2;24,6
5,973;-0,2;24,6
5,973;-0,2;24,6
5,973;-0,2;24,6
5,986;-0,2;24,6
5,986;-0,2;24,6
5,986;-0,2;24,6
5,999;-0,2;24,6
5,999;-0,2;24,6
5,999;-0,2;24,6
6,012;-0,1;24,6
6,012;-0,1;24,6
6,012;-0,1;24,6
6,025;-0,2;24,6
6,025;-0,2;24,6
6,025;-0,2;24,6
6,038;-0,2;24,6
6,038;-0,2;24,6
6,038;-0,2;24,6
6,05;-0,2;24,6
6,05;-0,2;24,6
6,05;-0,2;24,6
6,062;-0,2;24,6
6,062;-0,2;24,6
6,062;-0,2;24,6
6,076;-0,2;24,6
6,076;-0,2;24,6
6,076;-0,2;24,6
6,088;-0,2;24,6
6,088;-0,2;24,6
6,088;-0,2;24,6
6,101;-0,2;24,6
6,101;-0,2;24,6
6,101;-0,2;24,6
6,114;-0,2;24,6
6,114;-0,2;24,6
6,114;-0,2;24,6
6,126;-0,2;24,6
6,126;-0,2;24,6
6,126;-0,2;24,6
6,139;-0,2;24,6
6,139;-0,2;24,6
6,139;-0,2;24,6
6,153;-0,2;24,6
6,153;-0,2;24,6
6,153;-0,2;24,6
6,165;-0,2;24,6
6,165;-0,2;24,6
6,165;-0,2;24,6
6,177;-0,2;24,6
6,177;-0,2;24,6
6,177;-0,2;24,6
6,19;-0,2;24,6
6,19;-0,2;24,6
6,19;-0,2;24,6
6,203;-0,2;24,6
6,203;-0,2;24,6
6,203;-0,2;24,6
6,216;-0,2;24,6
6,216;-0,2;24,6
6,216;-0,2;24,6
6,228;-0,2;24,6
6,228;-0,2;24,6
6,228;-0,2;24,6
6,241;-0,2;24,6
6,241;-0,2;24,6
6,241;-0,2;24,6
6,254;-0,2;24,6
6,254;-0,2;24,6
6,254;-0,2;24,6
6,266;-0,2;24,6
6,266;-0,2;24,6
6,266;-0,2;24,6
6,28;-0,2;24,6
6,28;-0,2;24,6
6,28;-0,2;24,6
6,293;-0,2;24,6
6,293;-0,2;24,6
6,293;-0,2;24,6
6,305;-0,2;24,6
6,305;-0,2;24,6
6,305;-0,2;24,6
6,317;-0,2;24,6
6,317;-0,2;24,6
6,317;-0,2;24,6
6,331;-0,2;24,6
6,331;-0,2;24,6
6,331;-0,2;24,6
6,343;-0,2;24,6
6,343;-0,2;24,6
6,343;-0,2;24,6
6,356;-0,2;24,6
6,356;-0,2;24,6
6,356;-0,2;24,6
6,369;-0,2;24,6
6,369;-0,2;24,6
6,369;-0,2;24,6
6,381;-0,2;24,6
6,381;-0,2;24,6
6,381;-0,2;24,6
6,394;-0,2;24,6
6,394;-0,2;24,6
6,394;-0,2;24,6
6,407;-0,2;24,6
6,407;-0,2;24,6
6,407;-0,2;24,6
6,42;-0,2;24,6
6,42;-0,2;24,6
6,42;-0,2;24,6
6,433;-0,2;24,6
6,433;-0,2;24,6
6,433;-0,2;24,6
6,445;-0,2;24,6
6,445;-0,2;24,6
6,445;-0,2;24,6
6,458;-0,2;24,6
6,458;-0,2;24,6
6,458;-0,2;24,6
6,471;-0,2;24,6
6,471;-0,2;24,6
6,471;-0,2;24,6
6,483;-0,2;24,6
6,483;-0,2;24,6
6,483;-0,2;24,6
6,497;-0,2;24,6
6,497;-0,2;24,6
6,497;-0,2;24,6
6,509;-0,2;24,6
6,509;-0,2;24,6
6,509;-0,2;24,6
6,521;-0,2;24,6
6,521;-0,2;24,6
6,521;-0,2;24,6
6,535;-0,2;24,6
6,535;-0,2;24,6
6,535;-0,2;24,6
6,547;-0,2;24,6
6,547;-0,2;24,6
6,547;-0,2;24,6
6,56;-0,2;24,6
6,56;-0,2;24,6
6,56;-0,2;24,6
6,573;-0,2;24,6
6,573;-0,2;24,6
6,573;-0,2;24,6
6,586;-0,2;24,6
6,586;-0,2;24,6
6,586;-0,2;24,6
6,598;-0,2;24,6
6,598;-0,2;24,6
6,598;-0,2;24,6
6,611;-0,2;24,6
6,611;-0,2;24,6
6,611;-0,2;24,6
6,624;-0,2;24,6
6,624;-0,2;24,6
6,624;-0,2;24,6
6,637;-0,2;24,6
6,637;-0,2;24,6
6,637;-0,2;24,6
6,649;-0,2;24,6
6,649;-0,2;24,6
6,649;-0,2;24,6
6,662;-0,2;24,6
6,662;-0,2;24,6
6,662;-0,2;24,6
6,675;-0,2;24,6
6,675;-0,2;24,6
6,675;-0,2;24,6
6,687;-0,2;24,6
6,687;-0,2;24,6
6,687;-0,2;24,6
6,7;-0,2;24,6
6,7;-0,2;24,6
6,7;-0,2;24,6
6,714;-0,2;24,6
6,714;-0,2;24,6
6,714;-0,2;24,6
6,726;-0,2;24,6
6,726;-0,2;24,6
6,726;-0,2;24,6
6,738;-0,2;24,6
6,738;-0,2;24,6
6,738;-0,2;24,6
6,752;-0,2;24,6
6,752;-0,2;24,6
6,752;-0,2;24,6
6,764;-0,2;24,6
6,764;-0,2;24,6
6,764;-0,2;24,6
6,777;-0,2;24,6
6,777;-0,2;24,6
6,777;-0,2;24,6
6,79;-0,2;24,6
6,79;-0,2;24,6
6,79;-0,2;24,6
6,802;-0,2;24,6
6,802;-0,2;24,6
6,802;-0,2;24,6
6,815;-0,2;24,6
6,815;-0,2;24,6
6,815;-0,2;24,6
6,827;-0,2;24,6
6,827;-0,2;24,6
6,827;-0,2;24,6
6,841;-0,2;24,6
6,841;-0,2;24,6
6,841;-0,2;24,6
6,854;-0,2;24,6
6,854;-0,2;24,6
6,854;-0,2;24,6
6,866;-0,2;24,6
6,866;-0,2;24,6
6,866;-0,2;24,6
6,879;-0,2;24,6
6,879;-0,2;24,6
6,879;-0,2;24,6
6,892;-0,2;24,6
6,892;-0,2;24,6
6,892;-0,2;24,6
6,904;-0,2;24,6
6,904;-0,2;24,6
6,904;-0,2;24,6
6,918;-0,2;24,6
6,918;-0,2;24,6
6,918;-0,2;24,6
6,93;-0,2;24,6
6,93;-0,2;24,6
6,93;-0,2;24,6
6,943;-0,2;24,6
6,943;-0,2;24,6
6,943;-0,2;24,6
6,955;-0,2;24,6
6,955;-0,2;24,6
6,955;-0,2;24,6
6,968;-0,2;24,6
6,968;-0,2;24,6
6,968;-0,2;24,6
6,981;-0,2;24,6
6,981;-0,2;24,6
6,981;-0,2;24,6
6,994;-0,2;24,6
6,994;-0,2;24,6
6,994;-0,2;24,6
7,007;-0,2;24,6
7,007;-0,2;24,6
7,007;-0,2;24,6
7,02;-0,2;24,6
7,02;-0,2;24,6
7,02;-0,2;24,6
7,032;-0,2;24,6
7,032;-0,2;24,6
7,032;-0,2;24,6
7,045;-0,2;24,6
7,045;-0,2;24,6
7,045;-0,2;24,6
7,058;-0,2;24,6
7,058;-0,2;24,6
7,058;-0,2;24,6
7,07;-0,2;24,6
7,07;-0,2;24,6
7,07;-0,2;24,6
7,083;-0,2;24,6
7,083;-0,2;24,6
7,083;-0,2;24,6
7,096;-0,2;24,6
7,096;-0,2;24,6
7,096;-0,2;24,6
7,108;-0,2;24,6
7,108;-0,2;24,6
7,108;-0,2;24,6
7,121;-0,2;24,6
7,121;-0,2;24,6
7,121;-0,2;24,6
7,135;-0,2;24,6
7,135;-0,2;24,6
7,135;-0,2;24,6
7,147;-0,2;24,6
7,147;-0,2;24,6
7,147;-0,2;24,6
7,159;-0,2;24,6
7,159;-0,2;24,6
7,159;-0,2;24,6
7,173;-0,2;24,6
7,173;-0,2;24,6
7,173;-0,2;24,6
7,185;-0,2;24,6
7,185;-0,2;24,6
7,185;-0,2;24,6
7,198;-0,2;24,6
7,198;-0,2;24,6
7,198;-0,2;24,6
7,21;-0,2;24,6
7,21;-0,2;24,6
7,21;-0,2;24,6
7,223;-0,2;24,6
7,223;-0,2;24,6
7,223;-0,2;24,6
7,236;-0,2;24,6
7,236;-0,2;24,6
7,236;-0,2;24,6
7,248;-0,2;24,6
7,248;-0,2;24,6
7,248;-0,2;24,6
7,262;-0,2;24,6
7,262;-0,2;24,6
7,262;-0,2;24,6
7,275;-0,2;24,6
7,275;-0,2;24,6
7,275;-0,2;24,6
7,287;-0,2;24,6
7,287;-0,2;24,6
7,287;-0,2;24,6
7,299;-0,2;24,6
7,299;-0,2;24,6
7,299;-0,2;24,6
7,313;-0,2;24,6
7,313;-0,2;24,6
7,313;-0,2;24,6
7,325;-0,2;24,6
7,325;-0,2;24,6
7,325;-0,2;24,6
7,338;-0,2;24,6
7,338;-0,2;24,6
7,338;-0,2;24,6
7,351;-0,2;24,6
7,351;-0,2;24,6
7,351;-0,2;24,6
7,363;-0,2;24,6
7,363;-0,2;24,6
7,363;-0,2;24,6
7,376;-0,2;24,6
7,376;-0,2;24,6
7,376;-0,2;24,6
7,389;-0,2;24,6
7,389;-0,2;24,6
7,389;-0,2;24,6
7,402;-0,2;24,6
7,402;-0,2;24,6
7,402;-0,2;24,6
7,415;-0,2;24,6
7,415;-0,2;24,6
7,415;-0,2;24,6
7,427;-0,2;24,6
7,427;-0,2;24,6
7,427;-0,2;24,6
7,44;-0,2;24,6
7,44;-0,2;24,6
7,44;-0,2;24,6
7,453;-0,2;24,6
7,453;-0,2;24,6
7,453;-0,2;24,6
7,465;-0,2;24,6
7,465;-0,2;24,6
7,465;-0,2;24,6
7,479;-0,2;24,6
7,479;-0,2;24,6
7,479;-0,2;24,6
7,491;-0,2;24,6
7,491;-0,2;24,6
7,491;-0,2;24,6
7,503;-0,2;24,6
7,503;-0,2;24,6
7,503;-0,2;24,6
7,517;-0,2;24,6
7,517;-0,2;24,6
7,517;-0,2;24,6
7,529;-0,2;24,6
7,529;-0,2;24,6
7,529;-0,2;24,6
7,542;-0,2;24,6
7,542;-0,2;24,6
7,542;-0,2;24,6
7,555;-0,2;24,6
7,555;-0,2;24,6
7,555;-0,2;24,6
7,568;-0,2;24,6
7,568;-0,2;24,6
7,568;-0,2;24,6
7,58;-0,2;24,6
7,58;-0,2;24,6
7,58;-0,2;24,6
7,593;-0,2;24,6
7,593;-0,2;24,6
7,593;-0,2;24,6
7,606;-0,2;24,6
7,606;-0,2;24,6
7,606;-0,2;24,6
7,619;-0,2;24,6
7,619;-0,2;24,6
7,619;-0,2;24,6
7,631;-0,2;24,6
7,631;-0,2;24,6
7,631;-0,2;24,6
7,645;-0,2;24,6
7,645;-0,2;24,6
7,645;-0,2;24,6
7,657;-0,2;24,6
7,657;-0,2;24,6
7,657;-0,2;24,6
7,669;-0,2;24,6
7,669;-0,2;24,6
7,669;-0,2;24,6
7,682;-0,2;24,6
7,682;-0,2;24,6
7,682;-0,2;24,6
7,696;-0,2;24,6
7,696;-0,2;24,6
7,696;-0,2;24,6
7,708;-0,2;24,6
7,708;-0,2;24,6
7,708;-0,2;24,6
7,721;-0,2;24,6
7,721;-0,2;24,6
7,721;-0,2;24,6
7,734;-0,2;24,6
7,734;-0,2;24,6
7,734;-0,2;24,6
7,746;-0,2;24,6
7,746;-0,2;24,6
7,746;-0,2;24,6
7,759;-0,2;24,6
7,759;-0,2;24,6
7,759;-0,2;24,6
7,772;-0,2;24,6
7,772;-0,2;24,6
7,772;-0,2;24,6
7,785;-0,2;24,6
7,785;-0,2;24,6
7,785;-0,2;24,6
7,797;-0,2;24,6
7,797;-0,2;24,6
7,797;-0,2;24,6
7,809;-0,2;24,6
7,809;-0,2;24,6
7,809;-0,2;24,6
7,823;-0,2;24,6
7,823;-0,2;24,6
7,823;-0,2;24,6
7,836;-0,2;24,6
7,836;-0,2;24,6
7,836;-0,2;24,6
7,848;-0,2;24,6
7,848;-0,2;24,6
7,848;-0,2;24,6
7,862;-0,3;24,6
7,862;-0,3;24,6
7,862;-0,3;24,6
7,874;-0,3;24,6
7,874;-0,3;24,6
7,874;-0,3;24,6
7,886;-0,3;24,6
7,886;-0,3;24,6
7,886;-0,3;24,6
7,9;-0,3;24,6
7,9;-0,3;24,6
7,9;-0,3;24,6
7,912;-0,3;24,6
7,912;-0,3;24,6
7,912;-0,3;24,6
7,925;-0,3;24,6
7,925;-0,3;24,6
7,925;-0,3;24,6
7,937;-0,3;24,6
7,937;-0,3;24,6
7,937;-0,3;24,6
7,95;-0,3;24,6
7,95;-0,3;24,6
7,95;-0,3;24,6
7,963;-0,3;24,6
7,963;-0,3;24,6
7,963;-0,3;24,6
7,976;-0,3;24,6
7,976;-0,3;24,6
7,976;-0,3;24,6
7,989;-0,3;24,6
7,989;-0,3;24,6
7,989;-0,3;24,6
8,002;-0,3;24,6
8,002;-0,3;24,6
8,002;-0,3;24,6
8,014;-0,2;24,6
8,014;-0,2;24,6
8,014;-0,2;24,6
8,027;-0,2;24,6
8,027;-0,2;24,6
8,027;-0,2;24,6
8,04;-0,2;24,6
8,04;-0,2;24,6
8,04;-0,2;24,6
8,052;-0,2;24,6
8,052;-0,2;24,6
8,052;-0,2;24,6
8,065;-0,2;24,6
8,065;-0,2;24,6
8,065;-0,2;24,6
8,078;-0,2;24,6
8,078;-0,2;24,6
8,078;-0,2;24,6
8,09;-0,2;24,6
8,09;-0,2;24,6
8,09;-0,2;24,6
8,103;-0,2;24,6
8,103;-0,2;24,6
8,103;-0,2;24,6
8,117;-0,2;24,6
8,117;-0,2;24,6
8,117;-0,2;24,6
8,129;-0,2;24,6
8,129;-0,2;24,6
8,129;-0,2;24,6
8,142;-0,2;24,6
8,142;-0,2;24,6
8,142;-0,2;24,6
8,155;-0,2;24,6
8,155;-0,2;24,6
8,155;-0,2;24,6
8,167;-0,2;24,6
8,167;-0,2;24,6
8,167;-0,2;24,6
8,18;-0,2;24,6
8,18;-0,2;24,6
8,18;-0,2;24,6
8,192;-0,2;24,6
8,192;-0,2;24,6
8,192;-0,2;24,6
8,206;-0,2;24,6
8,206;-0,2;24,6
8,206;-0,2;24,6
8,218;-0,2;24,6
8,218;-0,2;24,6
8,218;-0,2;24,6
8,23;-0,2;24,6
8,23;-0,2;24,6
8,23;-0,2;24,6
8,244;-0,2;24,6
8,244;-0,2;24,6
8,244;-0,2;24,6
8,257;-0,2;24,6
8,257;-0,2;24,6
8,257;-0,2;24,6
8,269;-0,2;24,6
8,269;-0,2;24,6
8,269;-0,2;24,6
8,283;-0,2;24,6
8,283;-0,2;24,6
8,283;-0,2;24,6
8,295;-0,2;24,6
8,295;-0,2;24,6
8,295;-0,2;24,6
8,307;-0,2;24,6
8,307;-0,2;24,6
8,307;-0,2;24,6
8,32;-0,2;24,6
8,32;-0,2;24,6
8,32;-0,2;24,6
8,333;-0,2;24,6
8,333;-0,2;24,6
8,333;-0,2;24,6
8,346;-0,2;24,6
8,346;-0,2;24,6
8,346;-0,2;24,6
8,358;-0,2;24,6
8,358;-0,2;24,6
8,358;-0,2;24,6
8,371;-0,2;24,6
8,371;-0,2;24,6
8,371;-0,2;24,6
8,384;-0,2;24,6
8,384;-0,2;24,6
8,384;-0,2;24,6
8,397;-0,2;24,6
8,397;-0,2;24,6
8,397;-0,2;24,6
8,41;-0,2;24,6
8,41;-0,2;24,6
8,41;-0,2;24,6
8,423;-0,2;24,6
8,423;-0,2;24,6
8,423;-0,2;24,6
8,435;-0,2;24,6
8,435;-0,2;24,6
8,435;-0,2;24,6
8,447;-0,2;24,6
8,447;-0,2;24,6
8,447;-0,2;24,6
8,461;-0,2;24,6
8,461;-0,2;24,6
8,461;-0,2;24,6
8,473;-0,2;24,6
8,473;-0,2;24,6
8,473;-0,2;24,6
8,486;-0,2;24,6
8,486;-0,2;24,6
8,486;-0,2;24,6
8,499;-0,2;24,6
8,499;-0,2;24,6
8,499;-0,2;24,6
8,511;-0,2;24,6
8,511;-0,2;24,6
8,511;-0,2;24,6
8,524;-0,2;24,6
8,524;-0,2;24,6
8,524;-0,2;24,6
8,538;-0,2;24,6
8,538;-0,2;24,6
8,538;-0,2;24,6
8,55;-0,2;24,6
8,55;-0,2;24,6
8,55;-0,2;24,6
8,563;-0,2;24,6
8,563;-0,2;24,6
8,563;-0,2;24,6
8,575;-0,2;24,6
8,575;-0,2;24,6
8,575;-0,2;24,6
8,588;-0,2;24,6
8,588;-0,2;24,6
8,588;-0,2;24,6
8,601;-0,2;24,6
8,601;-0,2;24,6
8,601;-0,2;24,6
8,613;-0,2;24,6
8,613;-0,2;24,6
8,613;-0,2;24,6
8,627;-0,2;24,6
8,627;-0,2;24,6
8,627;-0,2;24,6
8,639;-0,2;24,6
8,639;-0,2;24,6
8,639;-0,2;24,6
8,651;-0,2;24,6
8,651;-0,2;24,6
8,651;-0,2;24,6
8,664;-0,2;24,6
8,664;-0,2;24,6
8,664;-0,2;24,6
8,678;-0,2;24,6
8,678;-0,2;24,6
8,678;-0,2;24,6
8,69;-0,2;24,6
8,69;-0,2;24,6
8,69;-0,2;24,6
8,703;-0,2;24,6
8,703;-0,2;24,6
8,703;-0,2;24,6
8,716;-0,2;24,6
8,716;-0,2;24,6
8,716;-0,2;24,6
8,728;-0,2;24,6
8,728;-0,2;24,6
8,728;-0,2;24,6
8,741;-0,2;24,6
8,741;-0,2;24,6
8,741;-0,2;24,6
8,754;-0,2;24,6
8,754;-0,2;24,6
8,754;-0,2;24,6
8,767;-0,2;24,6
8,767;-0,2;24,6
8,767;-0,2;24,6
8,779;-0,2;24,6
8,779;-0,2;24,6
8,779;-0,2;24,6
8,792;-0,2;24,6
8,792;-0,2;24,6
8,792;-0,2;24,6
8,805;-0,2;24,6
8,805;-0,2;24,6
8,805;-0,2;24,6
8,818;-0,2;24,6
8,818;-0,2;24,6
8,818;-0,2;24,6
8,83;-0,2;24,6
8,83;-0,2;24,6
8,83;-0,2;24,6
8,844;-0,2;24,6
8,844;-0,2;24,6
8,844;-0,2;24,6
8,856;-0,2;24,6
8,856;-0,2;24,6
8,856;-0,2;24,6
8,868;-0,2;24,6
8,868;-0,2;24,6
8,868;-0,2;24,6
8,882;-0,2;24,6
8,882;-0,2;24,6
8,882;-0,2;24,6
8,894;-0,2;24,6
8,894;-0,2;24,6
8,894;-0,2;24,6
8,907;-0,2;24,6
8,907;-0,2;24,6
8,907;-0,2;24,6
8,919;-0,2;24,6
8,919;-0,2;24,6
8,919;-0,2;24,6
8,933;-0,2;24,6
8,933;-0,2;24,6
8,933;-0,2;24,6
8,945;-0,2;24,6
8,945;-0,2;24,6
8,945;-0,2;24,6
8,96;-0,2;24,6
8,96;-0,2;24,6
8,96;-0,2;24,6
8,974;-0,2;24,5
8,974;-0,2;24,5
8,974;-0,2;24,5
8,987;-0,2;24,5
8,987;-0,2;24,5
8,987;-0,2;24,5
9;-0,1;24,4
9;-0,1;24,4
9;-0,1;24,4
9,013;-0,1;24,3
9,013;-0,1;24,3
9,013;-0,1;24,3
9,026;-0,1;24,3
9,026;-0,1;24,3
9,026;-0,1;24,3
9,039;0;24,2
9,039;0;24,2
9,039;0;24,2
9,053;0,1;24,1
9,053;0,1;24,1
9,053;0,1;24,1
9,066;0,1;24,1
9,066;0,1;24,1
9,066;0,1;24,1
9,079;0,2;24
9,079;0,2;24
9,079;0,2;24
9,093;0,2;23,9
9,093;0,2;23,9
9,093;0,2;23,9
9,106;0,3;23,9
9,106;0,3;23,9
9,106;0,3;23,9
9,119;0,3;23,8
9,119;0,3;23,8
9,119;0,3;23,8
9,132;0,4;23,7
9,132;0,4;23,7
9,132;0,4;23,7
9,146;0,5;23,7
9,146;0,5;23,7
9,146;0,5;23,7
9,158;0,6;23,6
9,158;0,6;23,6
9,158;0,6;23,6
9,171;0,7;23,6
9,171;0,7;23,6
9,171;0,7;23,6
9,185;0,9;23,5
9,185;0,9;23,5
9,185;0,9;23,5
9,198;1,1;23,4
9,198;1,1;23,4
9,198;1,1;23,4
9,211;1,3;23,4
9,211;1,3;23,4
9,211;1,3;23,4
9,225;1,6;23,3
9,225;1,6;23,3
9,225;1,6;23,3
9,238;1,9;23,2
9,238;1,9;23,2
9,238;1,9;23,2
9,251;2,3;23,2
9,251;2,3;23,2
9,251;2,3;23,2
9,265;2,7;23,1
9,265;2,7;23,1
9,265;2,7;23,1
9,278;3,3;23
9,278;3,3;23
9,278;3,3;23
9,291;4;23
9,291;4;23
9,291;4;23
9,303;4,8;22,9
9,303;4,8;22,9
9,303;4,8;22,9
9,317;5,7;22,8
9,317;5,7;22,8
9,317;5,7;22,8
9,33;6,8;22,8
9,33;6,8;22,8
9,33;6,8;22,8
9,343;8;22,7
9,343;8;22,7
9,343;8;22,7
9,357;9,4;22,6
9,357;9,4;22,6
9,357;9,4;22,6
9,37;10,9;22,6
9,37;10,9;22,6
9,37;10,9;22,6
9,383;12,6;22,5
9,383;12,6;22,5
9,383;12,6;22,5
9,397;14,5;22,4
9,397;14,5;22,4
9,397;14,5;22,4
9,41;16,6;22,4
9,41;16,6;22,4
9,41;16,6;22,4
9,423;18,8;22,3
9,423;18,8;22,3
9,423;18,8;22,3
9,437;21,3;22,3
9,437;21,3;22,3
9,437;21,3;22,3
9,45;23,9;22,2
9,45;23,9;22,2
9,45;23,9;22,2
9,462;26,7;22,1
9,462;26,7;22,1
9,462;26,7;22,1
9,475;29,7;22,1
9,475;29,7;22,1
9,475;29,7;22,1
9,489;32,9;22
9,489;32,9;22
9,489;32,9;22
9,502;36,3;21,9
9,502;36,3;21,9
9,502;36,3;21,9
9,515;39,9;21,9
9,515;39,9;21,9
9,515;39,9;21,9
9,53;43,6;21,8
9,53;43,6;21,8
9,53;43,6;21,8
9,542;47,5;21,7
9,542;47,5;21,7
9,542;47,5;21,7
9,555;51,6;21,7
9,555;51,6;21,7
9,555;51,6;21,7
9,569;55,9;21,6
9,569;55,9;21,6
9,569;55,9;21,6
9,582;60,3;21,5
9,582;60,3;21,5
9,582;60,3;21,5
9,595;64,9;21,5
9,595;64,9;21,5
9,595;64,9;21,5
9,609;69,7;21,4
9,609;69,7;21,4
9,609;69,7;21,4
9,622;74,7;21,3
9,622;74,7;21,3
9,622;74,7;21,3
9,634;79,7;21,3
9,634;79,7;21,3
9,634;79,7;21,3
9,648;85;21,2
9,648;85;21,2
9,648;85;21,2
9,661;90,4;21,1
9,661;90,4;21,1
9,661;90,4;21,1
9,675;95,9;21,1
9,675;95,9;21,1
9,675;95,9;21,1
9,688;101,5;21
9,688;101,5;21
9,688;101,5;21
9,702;107,2;20,9
9,702;107,2;20,9
9,702;107,2;20,9
9,715;113,1;20,9
9,715;113,1;20,9
9,715;113,1;20,9
9,728;119,2;20,8
9,728;119,2;20,8
9,728;119,2;20,8
9,742;125,4;20,7
9,742;125,4;20,7
9,742;125,4;20,7
9,755;131,8;20,7
9,755;131,8;20,7
9,755;131,8;20,7
9,768;138,3;20,6
9,768;138,3;20,6
9,768;138,3;20,6
9,782;144,9;20,5
9,782;144,9;20,5
9,782;144,9;20,5
9,795;151,6;20,5
9,795;151,6;20,5
9,795;151,6;20,5
9,808;158,5;20,4
9,808;158,5;20,4
9,808;158,5;20,4
9,822;165,5;20,3
9,822;165,5;20,3
9,822;165,5;20,3
9,835;172,5;20,3
9,835;172,5;20,3
9,835;172,5;20,3
9,848;179,7;20,2
9,848;179,7;20,2
9,848;179,7;20,2
9,862;186,9;20,1
9,862;186,9;20,1
9,862;186,9;20,1
9,875;194,2;20,1
9,875;194,2;20,1
9,875;194,2;20,1
9,888;201,6;20
9,888;201,6;20
9,888;201,6;20
9,901;209,1;19,9
9,901;209,1;19,9
9,901;209,1;19,9
9,915;216,6;19,9
9,915;216,6;19,9
9,915;216,6;19,9
9,928;224,2;19,8
9,928;224,2;19,8
9,928;224,2;19,8
9,941;231,8;19,7
9,941;231,8;19,7
9,941;231,8;19,7
9,955;239,4;19,7
9,955;239,4;19,7
9,955;239,4;19,7
9,969;247,1;19,6
9,969;247,1;19,6
9,969;247,1;19,6
9,982;254,9;19,5
9,982;254,9;19,5
9,982;254,9;19,5
9,996;262,6;19,5
9,996;262,6;19,5
9,996;262,6;19,5
10,009;270,4;19,4
10,009;270,4;19,4
10,009;270,4;19,4
10,022;278,1;19,3
10,022;278,1;19,3
10,022;278,1;19,3
10,036;285,8;19,3
10,036;285,8;19,3
10,036;285,8;19,3
10,049;293,6;19,2
10,049;293,6;19,2
10,049;293,6;19,2
10,062;301,4;19,1
10,062;301,4;19,1
10,062;301,4;19,1
10,076;309,1;19,1
10,076;309,1;19,1
10,076;309,1;19,1
10,089;316,8;19
10,089;316,8;19
10,089;316,8;19
10,103;324,5;18,9
10,103;324,5;18,9
10,103;324,5;18,9
10,117;332,2;18,9
10,117;332,2;18,9
10,117;332,2;18,9
10,13;339,9;18,8
10,13;339,9;18,8
10,13;339,9;18,8
10,143;347,6;18,7
10,143;347,6;18,7
10,143;347,6;18,7
10,156;355,3;18,7
10,156;355,3;18,7
10,156;355,3;18,7
10,171;363;18,6
10,171;363;18,6
10,171;363;18,6
10,184;370,7;18,6
10,184;370,7;18,6
10,184;370,7;18,6
10,197;378,4;18,5
10,197;378,4;18,5
10,197;378,4;18,5
10,211;386;18,4
10,211;386;18,4
10,211;386;18,4
10,224;393,7;18,4
10,224;393,7;18,4
10,224;393,7;18,4
10,237;401,4;18,3
10,237;401,4;18,3
10,237;401,4;18,3
10,251;409,1;18,2
10,251;409,1;18,2
10,251;409,1;18,2
10,265;416,8;18,1
10,265;416,8;18,1
10,265;416,8;18,1
10,278;424,6;18,1
10,278;424,6;18,1
10,278;424,6;18,1
10,292;432,6;18
10,292;432,6;18
10,292;432,6;18
10,305;440,6;17,9
10,305;440,6;17,9
10,305;440,6;17,9
10,318;448,8;17,9
10,318;448,8;17,9
10,318;448,8;17,9
10,332;457;17,8
10,332;457;17,8
10,332;457;17,8
10,345;465,4;17,8
10,345;465,4;17,8
10,345;465,4;17,8
10,358;473,9;17,7
10,358;473,9;17,7
10,358;473,9;17,7
10,371;482,5;17,6
10,371;482,5;17,6
10,371;482,5;17,6
10,385;491,2;17,6
10,385;491,2;17,6
10,385;491,2;17,6
10,399;500;17,5
10,399;500;17,5
10,399;500;17,5
10,412;508,8;17,4
10,412;508,8;17,4
10,412;508,8;17,4
10,426;517,8;17,4
10,426;517,8;17,4
10,426;517,8;17,4
10,439;526,9;17,3
10,439;526,9;17,3
10,439;526,9;17,3
10,452;536,1;17,2
10,452;536,1;17,2
10,452;536,1;17,2
10,467;545,5;17,2
10,467;545,5;17,2
10,467;545,5;17,2
10,48;555;17,1
10,48;555;17,1
10,48;555;17,1
10,493;564,6;17
10,493;564,6;17
10,493;564,6;17
10,507;574,4;17
10,507;574,4;17
10,507;574,4;17
10,52;584,3;16,9
10,52;584,3;16,9
10,52;584,3;16,9
10,533;594,4;16,8
10,533;594,4;16,8
10,533;594,4;16,8
10,547;604,6;16,8
10,547;604,6;16,8
10,547;604,6;16,8
10,561;614,9;16,7
10,561;614,9;16,7
10,561;614,9;16,7
10,574;625,3;16,6
10,574;625,3;16,6
10,574;625,3;16,6
10,588;635,8;16,6
10,588;635,8;16,6
10,588;635,8;16,6
10,601;646,6;16,5
10,601;646,6;16,5
10,601;646,6;16,5
10,614;657,6;16,4
10,614;657,6;16,4
10,614;657,6;16,4
10,627;668,8;16,4
10,627;668,8;16,4
10,627;668,8;16,4
10,642;680,2;16,3
10,642;680,2;16,3
10,642;680,2;16,3
10,655;691,9;16,2
10,655;691,9;16,2
10,655;691,9;16,2
10,668;703,7;16,2
10,668;703,7;16,2
10,668;703,7;16,2
10,682;715,7;16,1
10,682;715,7;16,1
10,682;715,7;16,1
10,695;728;16
10,695;728;16
10,695;728;16
10,709;740,5;16
10,709;740,5;16
10,709;740,5;16
10,723;753,2;15,9
10,723;753,2;15,9
10,723;753,2;15,9
10,736;766;15,8
10,736;766;15,8
10,736;766;15,8
10,749;779;15,8
10,749;779;15,8
10,749;779;15,8
10,763;792,2;15,7
10,763;792,2;15,7
10,763;792,2;15,7
10,776;805,8;15,6
10,776;805,8;15,6
10,776;805,8;15,6
10,789;819,6;15,6
10,789;819,6;15,6
10,789;819,6;15,6
10,803;833,6;15,5
10,803;833,6;15,5
10,803;833,6;15,5
10,816;847,9;15,4
10,816;847,9;15,4
10,816;847,9;15,4
10,83;862,4;15,4
10,83;862,4;15,4
10,83;862,4;15,4
10,844;877,1;15,3
10,844;877,1;15,3
10,844;877,1;15,3
10,857;892,1;15,2
10,857;892,1;15,2
10,857;892,1;15,2
10,87;907,5;15,2
10,87;907,5;15,2
10,87;907,5;15,2
10,885;923,1;15,1
10,885;923,1;15,1
10,885;923,1;15,1
10,898;939;15
10,898;939;15
10,898;939;15
10,911;955,2;15
10,911;955,2;15
10,911;955,2;15
10,924;971,6;14,9
10,924;971,6;14,9
10,924;971,6;14,9
10,938;988,4;14,8
10,938;988,4;14,8
10,938;988,4;14,8
10,951;1005,6;14,7
10,951;1005,6;14,7
10,951;1005,6;14,7
10,966;1023;14,7
10,966;1023;14,7
10,966;1023;14,7
10,98;1040,7;14,8
10,98;1040,7;14,8
10,98;1040,7;14,8
10,993;1058,1;14,8
10,993;1058,1;14,8
10,993;1058,1;14,8
11,007;1074,3;14,9
11,007;1074,3;14,9
11,007;1074,3;14,9
11,021;1088,9;15
11,021;1088,9;15
11,021;1088,9;15
11,034;1101,1;15
11,034;1101,1;15
11,034;1101,1;15
11,046;1110,3;15,1
11,046;1110,3;15,1
11,046;1110,3;15,1
11,06;1116,2;15,2
11,06;1116,2;15,2
11,06;1116,2;15,2
11,073;1118,1;15,2
11,073;1118,1;15,2
11,073;1118,1;15,2
11,086;1115,6;15,3
11,086;1115,6;15,3
11,086;1115,6;15,3
11,1;1108,8;15,4
11,1;1108,8;15,4
11,1;1108,8;15,4
11,113;1097,8;15,4
11,113;1097,8;15,4
11,113;1097,8;15,4
11,126;1083,2;15,5
11,126;1083,2;15,5
11,126;1083,2;15,5
11,139;1064,9;15,5
11,139;1064,9;15,5
11,139;1064,9;15,5
11,153;1043,2;15,6
11,153;1043,2;15,6
11,153;1043,2;15,6
11,166;1018;15,7
11,166;1018;15,7
11,166;1018;15,7
11,179;989,6;15,7
11,179;989,6;15,7
11,179;989,6;15,7
11,193;958,1;15,8
11,193;958,1;15,8
11,193;958,1;15,8
11,207;923,9;15,9
11,207;923,9;15,9
11,207;923,9;15,9
11,22;888,3;16
11,22;888,3;16
11,22;888,3;16
11,234;851,8;16
11,234;851,8;16
11,234;851,8;16
11,247;814,9;16,1
11,247;814,9;16,1
11,247;814,9;16,1
11,26;778,5;16,1
11,26;778,5;16,1
11,26;778,5;16,1
11,274;742,9;16,2
11,274;742,9;16,2
11,274;742,9;16,2
11,287;708,8;16,3
11,287;708,8;16,3
11,287;708,8;16,3
11,301;676,5;16,3
11,301;676,5;16,3
11,301;676,5;16,3
11,315;646,3;16,4
11,315;646,3;16,4
11,315;646,3;16,4
11,328;617,8;16,5
11,328;617,8;16,5
11,328;617,8;16,5
11,341;590,6;16,6
11,341;590,6;16,6
11,341;590,6;16,6
11,355;564,9;16,6
11,355;564,9;16,6
11,355;564,9;16,6
11,368;540,4;16,7
11,368;540,4;16,7
11,368;540,4;16,7
11,381;517,1;16,8
11,381;517,1;16,8
11,381;517,1;16,8
11,394;494,9;16,8
11,394;494,9;16,8
11,394;494,9;16,8
11,408;473,9;16,9
11,408;473,9;16,9
11,408;473,9;16,9
11,422;453,9;17
11,422;453,9;17
11,422;453,9;17
11,435;434,7;17
11,435;434,7;17
11,435;434,7;17
11,449;416,3;17,1
11,449;416,3;17,1
11,449;416,3;17,1
11,462;398,7;17,1
11,462;398,7;17,1
11,462;398,7;17,1
11,476;382;17,2
11,476;382;17,2
11,476;382;17,2
11,49;366;17,3
11,49;366;17,3
11,49;366;17,3
11,503;350,7;17,3
11,503;350,7;17,3
11,503;350,7;17,3
11,516;336,1;17,4
11,516;336,1;17,4
11,516;336,1;17,4
11,53;322,1;17,5
11,53;322,1;17,5
11,53;322,1;17,5
11,543;308,8;17,5
11,543;308,8;17,5
11,543;308,8;17,5
11,556;295,9;17,6
11,556;295,9;17,6
11,556;295,9;17,6
11,57;283,6;17,7
11,57;283,6;17,7
11,57;283,6;17,7
11,583;271,9;17,7
11,583;271,9;17,7
11,583;271,9;17,7
11,597;260,5;17,8
11,597;260,5;17,8
11,597;260,5;17,8
11,611;249,6;17,9
11,611;249,6;17,9
11,611;249,6;17,9
11,624;239,1;17,9
11,624;239,1;17,9
11,624;239,1;17,9
11,637;229;18
11,637;229;18
11,637;229;18
11,65;219,2;18,1
11,65;219,2;18,1
11,65;219,2;18,1
11,664;209,9;18,1
11,664;209,9;18,1
11,664;209,9;18,1
11,678;201;18,2
11,678;201;18,2
11,678;201;18,2
11,691;192,3;18,3
11,691;192,3;18,3
11,691;192,3;18,3
11,705;184;18,3
11,705;184;18,3
11,705;184;18,3
11,718;175,9;18,4
11,718;175,9;18,4
11,718;175,9;18,4
11,731;168,2;18,5
11,731;168,2;18,5
11,731;168,2;18,5
11,746;160,7;18,5
11,746;160,7;18,5
11,746;160,7;18,5
11,759;153,6;18,6
11,759;153,6;18,6
11,759;153,6;18,6
11,772;146,7;18,7
11,772;146,7;18,7
11,772;146,7;18,7
11,786;140,1;18,7
11,786;140,1;18,7
11,786;140,1;18,7
11,799;133,6;18,8
11,799;133,6;18,8
11,799;133,6;18,8
11,812;127,5;18,9
11,812;127,5;18,9
11,812;127,5;18,9
11,826;121,5;18,9
11,826;121,5;18,9
11,826;121,5;18,9
11,839;115,8;19
11,839;115,8;19
11,839;115,8;19
11,852;110,3;19,1
11,852;110,3;19,1
11,852;110,3;19,1
11,866;105;19,1
11,866;105;19,1
11,866;105;19,1
11,879;99,8;19,2
11,879;99,8;19,2
11,879;99,8;19,2
11,893;94,9;19,3
11,893;94,9;19,3
11,893;94,9;19,3
11,906;90,1;19,3
11,906;90,1;19,3
11,906;90,1;19,3
11,92;85,5;19,4
11,92;85,5;19,4
11,92;85,5;19,4
11,933;81,1;19,5
11,933;81,1;19,5
11,933;81,1;19,5
11,946;76,9;19,5
11,946;76,9;19,5
11,946;76,9;19,5
11,961;72,8;19,6
11,961;72,8;19,6
11,961;72,8;19,6
11,974;68,9;19,7
11,974;68,9;19,7
11,974;68,9;19,7
11,987;65,1;19,7
11,987;65,1;19,7
11,987;65,1;19,7
12,001;61,4;19,8
12,001;61,4;19,8
12,001;61,4;19,8
12,014;57,9;19,9
12,014;57,9;19,9
12,014;57,9;19,9
12,027;54,4;19,9
12,027;54,4;19,9
12,027;54,4;19,9
12,042;51,1;20
12,042;51,1;20
12,042;51,1;20
12,055;47,9;20,1
12,055;47,9;20,1
12,055;47,9;20,1
12,068;44,8;20,1
12,068;44,8;20,1
12,068;44,8;20,1
12,082;41,8;20,2
12,082;41,8;20,2
12,082;41,8;20,2
12,095;39;20,3
12,095;39;20,3
12,095;39;20,3
12,108;36,2;20,3
12,108;36,2;20,3
12,108;36,2;20,3
12,122;33,6;20,4
12,122;33,6;20,4
12,122;33,6;20,4
12,135;31,2;20,5
12,135;31,2;20,5
12,135;31,2;20,5
12,148;28,8;20,5
12,148;28,8;20,5
12,148;28,8;20,5
12,161;26,6;20,6
12,161;26,6;20,6
12,161;26,6;20,6
12,175;24,4;20,7
12,175;24,4;20,7
12,175;24,4;20,7
12,189;22,4;20,7
12,189;22,4;20,7
12,189;22,4;20,7
12,202;20,5;20,8
12,202;20,5;20,8
12,202;20,5;20,8
12,216;18,7;20,9
12,216;18,7;20,9
12,216;18,7;20,9
12,229;17;20,9
12,229;17;20,9
12,229;17;20,9
12,242;15,4;21
12,242;15,4;21
12,242;15,4;21
12,256;14;21,1
12,256;14;21,1
12,256;14;21,1
12,269;12,6;21,1
12,269;12,6;21,1
12,269;12,6;21,1
12,282;11,2;21,2
12,282;11,2;21,2
12,282;11,2;21,2
12,296;10;21,2
12,296;10;21,2
12,296;10;21,2
12,309;8,9;21,3
12,309;8,9;21,3
12,309;8,9;21,3
12,322;7,8;21,4
12,322;7,8;21,4
12,322;7,8;21,4
12,337;6,8;21,4
12,337;6,8;21,4
12,337;6,8;21,4
12,349;5,9;21,5
12,349;5,9;21,5
12,349;5,9;21,5
12,362;5;21,6
12,362;5;21,6
12,362;5;21,6
12,375;4,2;21,6
12,375;4,2;21,6
12,375;4,2;21,6
12,389;3,5;21,7
12,389;3,5;21,7
12,389;3,5;21,7
12,401;2,8;21,8
12,401;2,8;21,8
12,401;2,8;21,8
12,414;2,3;21,8
12,414;2,3;21,8
12,414;2,3;21,8
12,428;1,8;21,9
12,428;1,8;21,9
12,428;1,8;21,9
12,441;1,3;22
12,441;1,3;22
12,441;1,3;22
12,453;0,9;22
12,453;0,9;22
12,453;0,9;22
12,467;0,6;22,1
12,467;0,6;22,1
12,467;0,6;22,1
12,481;0,3;22,2
12,481;0,3;22,2
12,481;0,3;22,2
12,493;0,1;22,2
12,493;0,1;22,2
12,493;0,1;22,2
12,507;0;22,3
12,507;0;22,3
12,507;0;22,3
12,52;-0,2;22,4
12,52;-0,2;22,4
12,52;-0,2;22,4
12,533;-0,3;22,4
12,533;-0,3;22,4
12,533;-0,3;22,4
12,546;-0,4;22,5
12,546;-0,4;22,5
12,546;-0,4;22,5
12,56;-0,4;22,6
12,56;-0,4;22,6
12,56;-0,4;22,6
12,573;-0,4;22,6
12,573;-0,4;22,6
12,573;-0,4;22,6
12,586;-0,5;22,7
12,586;-0,5;22,7
12,586;-0,5;22,7
12,6;-0,4;22,7
12,6;-0,4;22,7
12,6;-0,4;22,7
12,613;-0,4;22,8
12,613;-0,4;22,8
12,613;-0,4;22,8
12,627;-0,4;22,9
12,627;-0,4;22,9
12,627;-0,4;22,9
12,641;-0,4;22,9
12,641;-0,4;22,9
12,641;-0,4;22,9
12,654;-0,4;23
12,654;-0,4;23
12,654;-0,4;23
12,667;-0,4;23,1
12,667;-0,4;23,1
12,667;-0,4;23,1
12,681;-0,4;23,1
12,681;-0,4;23,1
12,681;-0,4;23,1
12,694;-0,4;23,2
12,694;-0,4;23,2
12,694;-0,4;23,2
12,707;-0,4;23,3
12,707;-0,4;23,3
12,707;-0,4;23,3
12,721;-0,4;23,3
12,721;-0,4;23,3
12,721;-0,4;23,3
12,734;-0,3;23,4
12,734;-0,3;23,4
12,734;-0,3;23,4
12,747;-0,3;23,5
12,747;-0,3;23,5
12,747;-0,3;23,5
12,76;-0,3;23,5
12,76;-0,3;23,5
12,76;-0,3;23,5
12,775;-0,3;23,6
12,775;-0,3;23,6
12,775;-0,3;23,6
12,788;-0,3;23,7
12,788;-0,3;23,7
12,788;-0,3;23,7
12,801;-0,3;23,7
12,801;-0,3;23,7
12,801;-0,3;23,7
12,815;-0,3;23,8
12,815;-0,3;23,8
12,815;-0,3;23,8
12,828;-0,3;23,9
12,828;-0,3;23,9
12,828;-0,3;23,9
12,841;-0,3;23,9
12,841;-0,3;23,9
12,841;-0,3;23,9
12,855;-0,3;24
12,855;-0,3;24
12,855;-0,3;24
12,868;-0,3;24,1
12,868;-0,3;24,1
12,868;-0,3;24,1
12,881;-0,2;24,1
12,881;-0,2;24,1
12,881;-0,2;24,1
12,895;-0,2;24,2
12,895;-0,2;24,2
12,895;-0,2;24,2
12,908;-0,2;24,3
12,908;-0,2;24,3
12,908;-0,2;24,3
12,922;-0,2;24,3
12,922;-0,2;24,3
12,922;-0,2;24,3
12,936;-0,3;24,4
12,936;-0,3;24,4
12,936;-0,3;24,4
12,949;-0,3;24,5
12,949;-0,3;24,5
12,949;-0,3;24,5
12,962;-0,3;24,5
12,962;-0,3;24,5
12,962;-0,3;24,5
12,976;-0,3;24,6
12,976;-0,3;24,6
12,976;-0,3;24,6
12,992;-0,3;24,7
12,992;-0,3;24,7
12,992;-0,3;24,7
13,005;-0,3;24,7
13,005;-0,3;24,7
13,005;-0,3;24,7
13,019;-0,2;24,8
13,019;-0,2;24,8
13,019;-0,2;24,8
13,032;-0,2;24,9
13,032;-0,2;24,9
13,032;-0,2;24,9
13,045;-0,2;24,9
13,045;-0,2;24,9
13,045;-0,2;24,9
13,058;-0,1;25
13,058;-0,1;25
13,058;-0,1;25
13,073;-0,1;25,1
13,073;-0,1;25,1
13,073;-0,1;25,1
13,086;-0,1;25,1
13,086;-0,1;25,1
13,086;-0,1;25,1
13,099;-0,1;25,2
13,099;-0,1;25,2
13,099;-0,1;25,2
13,113;-0,1;25,3
13,113;-0,1;25,3
13,113;-0,1;25,3
13,126;-0,1;25,3
13,126;-0,1;25,3
13,126;-0,1;25,3
13,139;-0,1;25,4
13,139;-0,1;25,4
13,139;-0,1;25,4
13,153;-0,1;25,5
13,153;-0,1;25,5
13,153;-0,1;25,5
13,166;-0,1;25,5
13,166;-0,1;25,5
13,166;-0,1;25,5
13,179;-0,2;25,6
13,179;-0,2;25,6
13,179;-0,2;25,6
13,193;-0,2;25,7
13,193;-0,2;25,7
13,193;-0,2;25,7
13,206;-0,2;25,7
13,206;-0,2;25,7
13,206;-0,2;25,7
13,22;-0,2;25,8
13,22;-0,2;25,8
13,22;-0,2;25,8
13,234;-0,3;25,9
13,234;-0,3;25,9
13,234;-0,3;25,9
13,247;-0,3;25,9
13,247;-0,3;25,9
13,247;-0,3;25,9
13,26;-0,3;26
13,26;-0,3;26
13,26;-0,3;26
13,274;-0,4;26,1
13,274;-0,4;26,1
13,274;-0,4;26,1
13,287;-0,4;26,1
13,287;-0,4;26,1
13,287;-0,4;26,1
13,3;-0,4;26,2
13,3;-0,4;26,2
13,3;-0,4;26,2
13,313;-0,4;26,3
13,313;-0,4;26,3
13,313;-0,4;26,3
13,327;-0,4;26,3
13,327;-0,4;26,3
13,327;-0,4;26,3
13,34;-0,4;26,4
13,34;-0,4;26,4
13,34;-0,4;26,4
13,353;-0,4;26,5
13,353;-0,4;26,5
13,353;-0,4;26,5
13,368;-0,4;26,5
13,368;-0,4;26,5
13,368;-0,4;26,5
13,381;-0,3;26,6
13,381;-0,3;26,6
13,381;-0,3;26,6
13,394;-0,3;26,7
13,394;-0,3;26,7
13,394;-0,3;26,7
13,408;-0,3;26,7
13,408;-0,3;26,7
13,408;-0,3;26,7
13,421;-0,3;26,8
13,421;-0,3;26,8
13,421;-0,3;26,8
13,434;-0,2;26,9
13,434;-0,2;26,9
13,434;-0,2;26,9
13,448;-0,2;26,9
13,448;-0,2;26,9
13,448;-0,2;26,9
13,461;-0,2;27
13,461;-0,2;27
13,461;-0,2;27
13,474;-0,2;27,1
13,474;-0,2;27,1
13,474;-0,2;27,1
13,488;-0,2;27,1
13,488;-0,2;27,1
13,488;-0,2;27,1
13,501;-0,2;27,2
13,501;-0,2;27,2
13,501;-0,2;27,2
13,515;-0,2;27,3
13,515;-0,2;27,3
13,515;-0,2;27,3
13,528;-0,2;27,3
13,528;-0,2;27,3
13,528;-0,2;27,3
13,542;-0,2;27,4
13,542;-0,2;27,4
13,542;-0,2;27,4
13,555;-0,2;27,5
13,555;-0,2;27,5
13,555;-0,2;27,5
13,568;-0,2;27,5
13,568;-0,2;27,5
13,568;-0,2;27,5
13,582;-0,1;27,6
13,582;-0,1;27,6
13,582;-0,1;27,6
13,595;-0,1;27,7
13,595;-0,1;27,7
13,595;-0,1;27,7
13,608;-0,1;27,7
13,608;-0,1;27,7
13,608;-0,1;27,7
13,622;-0,1;27,8
13,622;-0,1;27,8
13,622;-0,1;27,8
13,635;-0,1;27,9
13,635;-0,1;27,9
13,635;-0,1;27,9
13,649;-0,1;27,9
13,649;-0,1;27,9
13,649;-0,1;27,9
13,663;-0,2;28
13,663;-0,2;28
13,663;-0,2;28
13,676;-0,1;28,1
13,676;-0,1;28,1
13,676;-0,1;28,1
13,689;-0,1;28,1
13,689;-0,1;28,1
13,689;-0,1;28,1
13,703;-0,1;28,2
13,703;-0,1;28,2
13,703;-0,1;28,2
13,716;-0,1;28,3
13,716;-0,1;28,3
13,716;-0,1;28,3
13,729;-0,1;28,3
13,729;-0,1;28,3
13,729;-0,1;28,3
13,744;-0,1;28,4
13,744;-0,1;28,4
13,744;-0,1;28,4
13,757;-0,1;28,4
13,757;-0,1;28,4
13,757;-0,1;28,4
13,77;-0,1;28,5
13,77;-0,1;28,5
13,77;-0,1;28,5
13,783;-0,1;28,6
13,783;-0,1;28,6
13,783;-0,1;28,6
13,797;-0,1;28,6
13,797;-0,1;28,6
13,797;-0,1;28,6
13,81;-0,1;28,7
13,81;-0,1;28,7
13,81;-0,1;28,7
13,824;-0,1;28,8
13,824;-0,1;28,8
13,824;-0,1;28,8
13,838;-0,1;28,8
13,838;-0,1;28,8
13,838;-0,1;28,8
13,851;-0,1;28,9
13,851;-0,1;28,9
13,851;-0,1;28,9
13,864;-0,1;29
13,864;-0,1;29
13,864;-0,1;29
13,878;-0,1;29
13,878;-0,1;29
13,878;-0,1;29
13,891;-0,1;29,1
13,891;-0,1;29,1
13,891;-0,1;29,1
13,904;-0,1;29,2
13,904;-0,1;29,2
13,904;-0,1;29,2
13,918;-0,1;29,2
13,918;-0,1;29,2
13,918;-0,1;29,2
13,931;-0,2;29,3
13,931;-0,2;29,3
13,931;-0,2;29,3
13,944;-0,2;29,4
13,944;-0,2;29,4
13,944;-0,2;29,4
13,959;-0,2;29,4
13,959;-0,2;29,4
13,959;-0,2;29,4
13,972;-0,3;29,5
13,972;-0,3;29,5
13,972;-0,3;29,5
13,985;-0,3;29,6
13,985;-0,3;29,6
13,985;-0,3;29,6
13,998;-0,3;29,6
13,998;-0,3;29,6
13,998;-0,3;29,6
14,012;-0,3;29,7
14,012;-0,3;29,7
14,012;-0,3;29,7
14,025;-0,3;29,8
14,025;-0,3;29,8
14,025;-0,3;29,8
14,038;-0,3;29,8
14,038;-0,3;29,8
14,038;-0,3;29,8
14,052;-0,3;29,9
14,052;-0,3;29,9
14,052;-0,3;29,9
14,065;-0,3;30
14,065;-0,3;30
14,065;-0,3;30
14,078;-0,3;30
14,078;-0,3;30
14,078;-0,3;30
14,092;-0,4;30,1
14,092;-0,4;30,1
14,092;-0,4;30,1
14,106;-0,4;30,2
14,106;-0,4;30,2
14,106;-0,4;30,2
14,119;-0,4;30,2
14,119;-0,4;30,2
14,119;-0,4;30,2
14,133;-0,4;30,3
14,133;-0,4;30,3
14,133;-0,4;30,3
14,146;-0,4;30,4
14,146;-0,4;30,4
14,146;-0,4;30,4
14,159;-0,4;30,4
14,159;-0,4;30,4
14,159;-0,4;30,4
14,173;-0,3;30,5
14,173;-0,3;30,5
14,173;-0,3;30,5
14,186;-0,3;30,6
14,186;-0,3;30,6
14,186;-0,3;30,6
14,199;-0,3;30,6
14,199;-0,3;30,6
14,199;-0,3;30,6
14,213;-0,2;30,7
14,213;-0,2;30,7
14,213;-0,2;30,7
14,226;-0,2;30,8
14,226;-0,2;30,8
14,226;-0,2;30,8
14,239;-0,2;30,8
14,239;-0,2;30,8
14,239;-0,2;30,8
14,253;-0,2;30,9
14,253;-0,2;30,9
14,253;-0,2;30,9
14,267;-0,2;31
14,267;-0,2;31
14,267;-0,2;31
14,28;-0,2;31
14,28;-0,2;31
14,28;-0,2;31
14,293;-0,1;31,1
14,293;-0,1;31,1
14,293;-0,1;31,1
14,307;-0,1;31,2
14,307;-0,1;31,2
14,307;-0,1;31,2
14,32;-0,1;31,2
14,32;-0,1;31,2
14,32;-0,1;31,2
14,333;-0,1;31,3
14,333;-0,1;31,3
14,333;-0,1;31,3
14,347;-0,1;31,4
14,347;-0,1;31,4
14,347;-0,1;31,4
14,36;-0,1;31,4
14,36;-0,1;31,4
14,36;-0,1;31,4
14,373;-0,1;31,5
14,373;-0,1;31,5
14,373;-0,1;31,5
14,387;-0,2;31,6
14,387;-0,2;31,6
14,387;-0,2;31,6
14,401;-0,2;31,6
14,401;-0,2;31,6
14,401;-0,2;31,6
14,414;-0,3;31,7
14,414;-0,3;31,7
14,414;-0,3;31,7
14,428;-0,3;31,8
14,428;-0,3;31,8
14,428;-0,3;31,8
14,441;-0,4;31,8
14,441;-0,4;31,8
14,441;-0,4;31,8
14,454;-0,4;31,9
14,454;-0,4;31,9
14,454;-0,4;31,9
14,467;-0,4;32
14,467;-0,4;32
14,467;-0,4;32
14,481;-0,4;32
14,481;-0,4;32
14,481;-0,4;32
14,495;-0,4;32,1
14,495;-0,4;32,1
14,495;-0,4;32,1
14,508;-0,4;32,1
14,508;-0,4;32,1
14,508;-0,4;32,1
14,522;-0,4;32,2
14,522;-0,4;32,2
14,522;-0,4;32,2
14,535;-0,4;32,3
14,535;-0,4;32,3
14,535;-0,4;32,3
14,548;-0,4;32,4
14,548;-0,4;32,4
14,548;-0,4;32,4
14,562;-0,3;32,4
14,562;-0,3;32,4
14,562;-0,3;32,4
14,575;-0,3;32,5
14,575;-0,3;32,5
14,575;-0,3;32,5
14,588;-0,3;32,6
14,588;-0,3;32,6
14,588;-0,3;32,6
14,602;-0,2;32,6
14,602;-0,2;32,6
14,602;-0,2;32,6
14,616;-0,2;32,7
14,616;-0,2;32,7
14,616;-0,2;32,7
14,629;-0,1;32,7
14,629;-0,1;32,7
14,629;-0,1;32,7
14,643;-0,1;32,8
14,643;-0,1;32,8
14,643;-0,1;32,8
14,656;-0,1;32,9
14,656;-0,1;32,9
14,656;-0,1;32,9
14,669;-0,1;32,9
14,669;-0,1;32,9
14,669;-0,1;32,9
14,683;-0,1;33
14,683;-0,1;33
14,683;-0,1;33
14,696;-0,1;33,1
14,696;-0,1;33,1
14,696;-0,1;33,1
14,71;-0,1;33,1
14,71;-0,1;33,1
14,71;-0,1;33,1
14,723;-0,1;33,2
14,723;-0,1;33,2
14,723;-0,1;33,2
14,737;-0,1;33,3
14,737;-0,1;33,3
14,737;-0,1;33,3
14,75;-0,1;33,3
14,75;-0,1;33,3
14,75;-0,1;33,3
14,763;-0,1;33,4
14,763;-0,1;33,4
14,763;-0,1;33,4
14,777;-0,1;33,5
14,777;-0,1;33,5
14,777;-0,1;33,5
14,79;-0,1;33,5
14,79;-0,1;33,5
14,79;-0,1;33,5
14,803;-0,1;33,6
14,803;-0,1;33,6
14,803;-0,1;33,6
14,817;0;33,7
14,817;0;33,7
14,817;0;33,7
14,83;0;33,7
14,83;0;33,7
14,83;0;33,7
14,843;0;33,8
14,843;0;33,8
14,843;0;33,8
14,857;0;33,8
14,857;0;33,8
14,857;0;33,8
14,87;0;33,9
14,87;0;33,9
14,87;0;33,9
14,882;0;34
14,882;0;34
14,882;0;34
14,896;-0,1;34
14,896;-0,1;34
14,896;-0,1;34
14,909;0;34,1
14,909;0;34,1
14,909;0;34,1
14,922;-0,1;34,2
14,922;-0,1;34,2
14,922;-0,1;34,2
14,935;-0,1;34,2
14,935;-0,1;34,2
14,935;-0,1;34,2
14,949;-0,1;34,3
14,949;-0,1;34,3
14,949;-0,1;34,3
14,962;0;34,4
14,962;0;34,4
14,962;0;34,4
14,975;0;34,4
14,975;0;34,4
14,975;0;34,4
14,989;0;34,5
14,989;0;34,5
14,989;0;34,5
15,002;0;34,6
15,002;0;34,6
15,002;0;34,6
15,015;0;34,6
15,015;0;34,6
15,015;0;34,6
15,028;0;34,7
15,028;0;34,7
15,028;0;34,7
15,041;0,1;34,8
15,041;0,1;34,8
15,041;0,1;34,8
15,054;0,1;34,8
15,054;0,1;34,8
15,054;0,1;34,8
15,067;0,1;34,9
15,067;0,1;34,9
15,067;0,1;34,9
15,08;0,1;35
15,08;0,1;35
15,08;0,1;35
15,093;0,2;35
15,093;0,2;35
15,093;0,2;35
15,106;0,2;35,1
15,106;0,2;35,1
15,106;0,2;35,1
15,119;0,2;35,1
15,119;0,2;35,1
15,119;0,2;35,1
15,133;0,2;35,2
15,133;0,2;35,2
15,133;0,2;35,2
15,146;0,1;35,3
15,146;0,1;35,3
15,146;0,1;35,3
15,159;0,1;35,3
15,159;0,1;35,3
15,159;0,1;35,3
15,172;0,1;35,4
15,172;0,1;35,4
15,172;0,1;35,4
15,185;0;35,5
15,185;0;35,5
15,185;0;35,5
15,199;0;35,5
15,199;0;35,5
15,199;0;35,5
15,211;-0,1;35,6
15,211;-0,1;35,6
15,211;-0,1;35,6
15,224;-0,1;35,7
15,224;-0,1;35,7
15,224;-0,1;35,7
15,238;-0,1;35,7
15,238;-0,1;35,7
15,238;-0,1;35,7
15,252;-0,2;35,8
15,252;-0,2;35,8
15,252;-0,2;35,8
15,265;-0,2;35,9
15,265;-0,2;35,9
15,265;-0,2;35,9
15,278;-0,3;35,9
15,278;-0,3;35,9
15,278;-0,3;35,9
15,292;-0,3;36
15,292;-0,3;36
15,292;-0,3;36
15,305;-0,3;36,1
15,305;-0,3;36,1
15,305;-0,3;36,1
15,318;-0,4;36,1
15,318;-0,4;36,1
15,318;-0,4;36,1
15,332;-0,4;36,2
15,332;-0,4;36,2
15,332;-0,4;36,2
15,345;-0,4;36,3
15,345;-0,4;36,3
15,345;-0,4;36,3
15,359;-0,4;36,3
15,359;-0,4;36,3
15,359;-0,4;36,3
15,373;-0,4;36,4
15,373;-0,4;36,4
15,373;-0,4;36,4
15,386;-0,4;36,5
15,386;-0,4;36,5
15,386;-0,4;36,5
15,399;-0,4;36,5
15,399;-0,4;36,5
15,399;-0,4;36,5
15,413;-0,4;36,6
15,413;-0,4;36,6
15,413;-0,4;36,6
15,426;-0,4;36,7
15,426;-0,4;36,7
15,426;-0,4;36,7
15,44;-0,4;36,7
15,44;-0,4;36,7
15,44;-0,4;36,7
15,454;-0,5;36,8
15,454;-0,5;36,8
15,454;-0,5;36,8
15,467;-0,5;36,9
15,467;-0,5;36,9
15,467;-0,5;36,9
15,48;-0,5;36,9
15,48;-0,5;36,9
15,48;-0,5;36,9
15,494;-0,5;37
15,494;-0,5;37
15,494;-0,5;37
15,507;-0,5;37,1
15,507;-0,5;37,1
15,507;-0,5;37,1
15,52;-0,5;37,1
15,52;-0,5;37,1
15,52;-0,5;37,1
15,533;-0,4;37,2
15,533;-0,4;37,2
15,533;-0,4;37,2
15,547;-0,4;37,3
15,547;-0,4;37,3
15,547;-0,4;37,3
15,56;-0,4;37,3
15,56;-0,4;37,3
15,56;-0,4;37,3
15,574;-0,4;37,4
15,574;-0,4;37,4
15,574;-0,4;37,4
15,588;-0,4;37,5
15,588;-0,4;37,5
15,588;-0,4;37,5
15,601;-0,5;37,5
15,601;-0,5;37,5
15,601;-0,5;37,5
15,614;-0,4;37,6
15,614;-0,4;37,6
15,614;-0,4;37,6
15,628;-0,4;37,7
15,628;-0,4;37,7
15,628;-0,4;37,7
15,641;-0,4;37,7
15,641;-0,4;37,7
15,641;-0,4;37,7
15,654;-0,4;37,8
15,654;-0,4;37,8
15,654;-0,4;37,8
